0,329,LGBMRegressor,AISI_1020,4227.333333,253.64,8.38,86.17,brute force,[(0.0, 0.0), (2.83874323940836e-05, 0.0), (5.67744464206044e-05, 0.0), (8.51667355163954e-05, 61.0025062561035), (0.000113550071546342, 71.7363357543945), (0.000141933604027145, 39.7990036010742), (0.000170325365616009, 36.9434242248535), (0.000198710564291105, 2.56742095947266), (0.000227096257731318, 73.0525817871094), (0.000255481951171532, 30.2736263275146), (0.000283867644611746, 73.5098342895508), (0.000312258955091238, 71.8753890991211), (0.000340644648531452, 33.4070320129395), (0.000369030341971666, 75.6918182373047), (0.000397416035411879, 33.2262992858887), (0.000425801728852093, 74.3776092529297), (0.000454187422292307, 46.1263999938965), (0.000482578732771799, 33.9348678588867), (0.000510964426212013, 73.8805618286133), (0.000539350148756057, 34.8592262268066), (0.000567734008654952, 71.1824340820313)],[(0.0, 0.0), (2.83874323940836e-05, 0.0), (5.67744464206044e-05, 0.0), (8.51667355163954e-05, -52.7093391418457), (0.000113550071546342, -68.0268630981445), (0.000141933604027145, -38.3444557189941), (0.000170325365616009, -36.5801696777344), (0.000198710564291105, -2.53320455551147), (0.000227096257731318, -68.6942138671875), (0.000255481951171532, -30.2125759124756), (0.000283867644611746, -70.9641876220703), (0.000312258955091238, -68.8013534545898), (0.000340644648531452, -33.4052352905273), (0.000369030341971666, -72.6536407470703), (0.000397416035411879, -33.1638832092285), (0.000425801728852093, -71.3965682983398), (0.000454187422292307, -45.7797660827637), (0.000482578732771799, -33.9344482421875), (0.000510964426212013, -72.1437606811523), (0.000539350148756057, -34.7363700866699), (0.000567734008654952, -69.2336730957031)],[(0.0, 0.0), (2.83874323940836e-05, 0.0), (5.67744464206044e-05, 0.0), (8.51667355163954e-05, -30.708812713623), (0.000113550071546342, -22.7694492340088), (0.000141933604027145, -10.6613025665283), (0.000170325365616009, 5.16796827316284), (0.000198710564291105, -0.417762100696564), (0.000227096257731318, -24.8552665710449), (0.000255481951171532, 1.92162942886353), (0.000283867644611746, -19.1775684356689), (0.000312258955091238, -20.7953186035156), (0.000340644648531452, 0.346661746501923), (0.000369030341971666, -21.2296867370605), (0.000397416035411879, -2.03561973571777), (0.000425801728852093, -20.8460807800293), (0.000454187422292307, -5.64429140090942), (0.000482578732771799, -0.168831527233124), (0.000510964426212013, -15.925313949585), (0.000539350148756057, -2.92411756515503), (0.000567734008654952, -16.542013168335)]
0,2263,Lasso,AISI_1020,500,30,3.54,62.28,brute force,[(0.0, 0.0), (0.000240004635998048, 0.0), (0.000480005168356001, 0.0), (0.000720005133189261, 51.5850677490234), (0.000960002478677779, 80.487060546875), (0.00120000564493239, 65.1198043823242), (0.00144000235013664, 38.3426933288574), (0.0016800049925223, 23.3154411315918), (0.0019200014648959, 89.8401260375977), (0.00216000410728157, 29.7584018707275), (0.00240000057965517, 43.0843162536621), (0.00264000333845615, 72.5823440551758), (0.00288000586442649, 29.567813873291), (0.0031200023368001, 78.8573150634766), (0.00336000486277044, 24.8896713256836), (0.00360000133514404, 42.3193130493164), (0.00384000362828374, 27.2040557861328), (0.00408000638708472, 14.2831287384033), (0.00432000262662768, 81.6984558105469), (0.00456000491976738, 0.0), (0.00480000022798777, 42.4430198669434)],[(0.0, 0.0), (0.000240004635998048, 0.0), (0.000480005168356001, 0.0), (0.000720005133189261, -46.4525260925293), (0.000960002478677779, -76.6118240356445), (0.00120000564493239, -60.0221328735352), (0.00144000235013664, -38.3277626037598), (0.0016800049925223, -22.3988914489746), (0.0019200014648959, -84.376953125), (0.00216000410728157, -29.0815963745117), (0.00240000057965517, -40.9974021911621), (0.00264000333845615, -70.6903457641602), (0.00288000586442649, -29.2367668151855), (0.0031200023368001, -75.5202102661133), (0.00336000486277044, -24.8011856079102), (0.00360000133514404, -39.6662673950195), (0.00384000362828374, -26.9563369750977), (0.00408000638708472, -14.1617794036865), (0.00432000262662768, -77.2663269042969), (0.00456000491976738, 0.0), (0.00480000022798777, -40.7133293151855)],[(0.0, 0.0), (0.000240004635998048, 0.0), (0.000480005168356001, 0.0), (0.000720005133189261, -22.4317188262939), (0.000960002478677779, -24.6737766265869), (0.00120000564493239, -25.2573356628418), (0.00144000235013664, -1.06999456882477), (0.0016800049925223, 6.47298002243042), (0.0019200014648959, -30.8508987426758), (0.00216000410728157, -6.31056356430054), (0.00240000057965517, -13.2465648651123), (0.00264000333845615, -16.4642486572266), (0.00288000586442649, 4.41215038299561), (0.0031200023368001, -22.6974468231201), (0.00336000486277044, -2.09688067436218), (0.00360000133514404, -14.7482719421387), (0.00384000362828374, 3.66286158561707), (0.00408000638708472, -1.85789465904236), (0.00432000262662768, -26.5434055328369), (0.00456000491976738, 0.0), (0.00480000022798777, -11.9931135177612)]
1,261,LGBMRegressor,AISI_1045,4863.666667,291.82,-8.38,205.32,brute force,[(0.0, 0.0), (2.46742183662718e-05, 0.0), (4.93475090479478e-05, 97.210807800293), (7.40239920560271e-05, 10.9916105270386), (9.86950617516413e-05, 220.020919799805), (0.000123365069157444, 245.909378051758), (0.000148039282066748, 142.056182861328), (0.000172709274920635, 98.8958511352539), (0.000197384928469546, 204.794403076172), (0.000222054775804281, 22.9824676513672), (0.000246728857746348, 295.820037841797), (0.000271402910584584, 305.679656982422), (0.000296076672384515, 0.0), (0.00032074743648991, 266.734252929688), (0.000345423904946074, 63.0977172851563), (0.000370094669051468, 249.304290771484), (0.00039476522943005, 0.0582784786820412), (0.000419441086705774, 61.1853256225586), (0.000444109638920054, 259.156097412109), (0.000468783866381273, 0.0), (0.000493454979732633, 136.921646118164)],[(0.0, 0.0), (2.46742183662718e-05, 0.0), (4.93475090479478e-05, -87.2795944213867), (7.40239920560271e-05, -10.9274463653564), (9.86950617516413e-05, -207.956237792969), (0.000123365069157444, -239.252059936523), (0.000148039282066748, -137.644958496094), (0.000172709274920635, -98.2236328125), (0.000197384928469546, -195.60466003418), (0.000222054775804281, -20.6345405578613), (0.000246728857746348, -279.311645507813), (0.000271402910584584, -281.468231201172), (0.000296076672384515, 0.0), (0.00032074743648991, -241.224700927734), (0.000345423904946074, -62.899715423584), (0.000370094669051468, -245.547592163086), (0.00039476522943005, -0.0577948726713657), (0.000419441086705774, -60.3698844909668), (0.000444109638920054, -234.511810302734), (0.000468783866381273, 0.0), (0.000493454979732633, -136.552520751953)],[(0.0, 0.0), (2.46742183662718e-05, 0.0), (4.93475090479478e-05, -42.804370880127), (7.40239920560271e-05, -1.18592822551727), (9.86950617516413e-05, -71.8568649291992), (0.000123365069157444, -56.83203125), (0.000148039282066748, -35.125862121582), (0.000172709274920635, -11.5111846923828), (0.000197384928469546, -60.6593933105469), (0.000222054775804281, -10.1197595596313), (0.000246728857746348, -97.4397354125977), (0.000271402910584584, -119.229560852051), (0.000296076672384515, 0.0), (0.00032074743648991, -113.832366943359), (0.000345423904946074, 4.99475479125977), (0.000370094669051468, -43.1162490844727), (0.00039476522943005, 0.00749223306775093), (0.000419441086705774, 9.95596981048584), (0.000444109638920054, -110.299995422363), (0.000468783866381273, 0.0), (0.000493454979732633, -10.0470819473267)]
2,2361,Lasso,AISI_1045,500,30,-0.71,213.01,brute force,[(0.0, 0.0), (0.000240002089412883, 0.0), (0.000480002578115091, 0.0), (0.000720005831681192, 2.21550440788269), (0.000960003351792693, 102.124923706055), (0.00120000552851707, 56.579906463623), (0.00144000013824552, 73.8284606933594), (0.00168000068515539, 191.821273803711), (0.00192000123206526, 281.286315917969), (0.00216000154614449, 124.990249633789), (0.00240000197663903, 115.188087463379), (0.00264000426977873, 0.0), (0.00288000539876521, 132.819580078125), (0.00312000070698559, 283.448211669922), (0.00336000183597207, 52.5267333984375), (0.0036000027321279, 65.6437759399414), (0.00384000386111438, 53.5904960632324), (0.00408000499010086, 223.642517089844), (0.00432000029832125, 261.791961669922), (0.00456000119447708, 92.794677734375), (0.00480000022798777, 133.709747314453)],[(0.0, 0.0), (0.000240002089412883, 0.0), (0.000480002578115091, 0.0), (0.000720005831681192, -2.10157203674316), (0.000960003351792693, -101.239112854004), (0.00120000552851707, -56.0735282897949), (0.00144000013824552, -72.4560470581055), (0.00168000068515539, -185.485534667969), (0.00192000123206526, -263.0322265625), (0.00216000154614449, -124.950302124023), (0.00240000197663903, -113.140586853027), (0.00264000426977873, 0.0), (0.00288000539876521, -129.757659912109), (0.00312000070698559, -265.587188720703), (0.00336000183597207, -52.3421211242676), (0.0036000027321279, -63.9812469482422), (0.00384000386111438, -53.2278938293457), (0.00408000499010086, -214.277572631836), (0.00432000029832125, -245.593490600586), (0.00456000119447708, -92.7826156616211), (0.00480000022798777, -130.183685302734)],[(0.0, 0.0), (0.000240002089412883, 0.0), (0.000480002578115091, 0.0), (0.000720005831681192, -0.701323509216309), (0.000960003351792693, -13.4216890335083), (0.00120000552851707, -7.55282306671143), (0.00144000013824552, -14.1690540313721), (0.00168000068515539, -48.8929443359375), (0.00192000123206526, -99.6797103881836), (0.00216000154614449, -3.15984725952148), (0.00240000197663903, -21.6218318939209), (0.00264000426977873, 0.0), (0.00288000539876521, -28.3546943664551), (0.00312000070698559, -99.0269470214844), (0.00336000183597207, 4.40000820159912), (0.0036000027321279, -14.6800880432129), (0.00384000386111438, -6.22356367111206), (0.00408000499010086, -64.0397720336914), (0.00432000029832125, -90.6579971313477), (0.00456000119447708, -1.49633634090424), (0.00480000022798777, -30.5041656494141)]
3,893,LGBMRegressor,AISI_4140,4863.666667,291.82,8.18,238.47,brute force,[(0.0, 0.0), (2.46787931246217e-05, 0.0), (4.93506595375948e-05, 0.0), (7.40240138838999e-05, 57.4774551391602), (9.86920786090195e-05, 300.142578125), (0.000123365985928103, 580.790649414063), (0.000148036706377752, 648.639587402344), (0.000172709522303194, 809.741455078125), (0.000197383138583973, 1017.29168701172), (0.000222055445192382, 965.635803222656), (0.000246728188358247, 1103.1298828125), (0.000271400815108791, 1123.08386230469), (0.000296073820209131, 1181.46618652344), (0.00032074679620564, 1128.91003417969), (0.0003454185789451, 1230.78308105469), (0.00037009219522588, 1448.11376953125), (0.000394764385418966, 1034.62634277344), (0.000419437361415476, 1276.62670898438), (0.000444110424723476, 1310.7333984375), (0.000468782789539546, 1410.29699707031), (0.000493454979732633, 1432.83996582031)],[(0.0, 0.0), (2.46787931246217e-05, 0.0), (4.93506595375948e-05, 0.0), (7.40240138838999e-05, -52.7020072937012), (9.86920786090195e-05, -231.485778808594), (0.000123365985928103, -548.015869140625), (0.000148036706377752, -599.071044921875), (0.000172709522303194, -755.4111328125), (0.000197383138583973, -901.731811523438), (0.000222055445192382, -904.035583496094), (0.000246728188358247, -1056.96838378906), (0.000271400815108791, -1086.25061035156), (0.000296073820209131, -1148.1884765625), (0.00032074679620564, -1106.84704589844), (0.0003454185789451, -1173.49768066406), (0.00037009219522588, -1383.62756347656), (0.000394764385418966, -982.694641113281), (0.000419437361415476, -1211.49389648438), (0.000444110424723476, -1232.25268554688), (0.000468782789539546, -1314.09753417969), (0.000493454979732633, -1330.08239746094)],[(0.0, 0.0), (2.46787931246217e-05, 0.0), (4.93506595375948e-05, 0.0), (7.40240138838999e-05, -22.9380970001221), (9.86920786090195e-05, -191.049453735352), (0.000123365985928103, -192.344451904297), (0.000148036706377752, -248.690933227539), (0.000172709522303194, -291.608032226563), (0.000197383138583973, -470.916290283203), (0.000222055445192382, -339.370269775391), (0.000246728188358247, -315.774169921875), (0.000271400815108791, -285.266571044922), (0.000296073820209131, -278.433898925781), (0.00032074679620564, -222.09831237793), (0.0003454185789451, -371.120300292969), (0.00037009219522588, -427.327056884766), (0.000394764385418966, -323.670867919922), (0.000419437361415476, -402.564544677734), (0.000444110424723476, -446.738555908203), (0.000468782789539546, -511.942596435547), (0.000493454979732633, -532.833374023438)]
4,8559,Lasso,AISI_4140,500,30,-3.13,1121.42,brute force,[(0.0, 0.0), (0.00024000569828786, 0.0), (0.000480003975098953, 0.0), (0.000720002746675164, 502.686309814453), (0.000960000790655613, 406.868194580078), (0.00120000005699694, 699.190612792969), (0.00144000060390681, 697.207580566406), (0.00168000045232475, 792.167846679688), (0.00192000158131123, 908.821655273438), (0.0021600010804832, 912.595458984375), (0.00240000034682453, 936.287292480469), (0.00264000101014972, 957.983764648438), (0.00288000097498298, 956.295349121094), (0.00312000024132431, 991.609497070313), (0.00336000020615757, 1075.46643066406), (0.00360000063665211, 1109.9365234375), (0.00384000083431602, 1152.39721679688), (0.00408000079914927, 1200.06201171875), (0.00432000076398253, 1072.34216308594), (0.00456000072881579, 1002.63360595703), (0.00480000022798777, 1073.87854003906)],[(0.0, 0.0), (0.00024000569828786, 0.0), (0.000480003975098953, 0.0), (0.000720002746675164, -452.753601074219), (0.000960000790655613, -379.038482666016), (0.00120000005699694, -637.195617675781), (0.00144000060390681, -657.368347167969), (0.00168000045232475, -742.544555664063), (0.00192000158131123, -827.185424804688), (0.0021600010804832, -869.126525878906), (0.00240000034682453, -903.708740234375), (0.00264000101014972, -925.833862304688), (0.00288000097498298, -924.268493652344), (0.00312000024132431, -950.722839355469), (0.00336000020615757, -1019.32611083984), (0.00360000063665211, -1054.79736328125), (0.00384000083431602, -1095.13610839844), (0.00408000079914927, -1139.17590332031), (0.00432000076398253, -1040.77514648438), (0.00456000072881579, -970.196716308594), (0.00480000022798777, -1017.95684814453)],[(0.0, 0.0), (0.00024000569828786, 0.0), (0.000480003975098953, 0.0), (0.000720002746675164, -218.420913696289), (0.000960000790655613, -147.890319824219), (0.00120000005699694, -287.83544921875), (0.00144000060390681, -232.304153442383), (0.00168000045232475, -275.966461181641), (0.00192000158131123, -376.45849609375), (0.0021600010804832, -278.297668457031), (0.00240000034682453, -244.835464477539), (0.00264000101014972, -246.098617553711), (0.00288000097498298, -245.415023803711), (0.00312000024132431, -281.807403564453), (0.00336000020615757, -342.931854248047), (0.00360000063665211, -345.4873046875), (0.00384000083431602, -358.742523193359), (0.00408000079914927, -377.394989013672), (0.00432000076398253, -258.272644042969), (0.00456000072881579, -252.967254638672), (0.00480000022798777, -342.021881103516)]
5,1017,LGBMRegressor,AISI_4340,2636.333333,158.18,2.32,573.28,brute force,[(0.0, 0.0), (4.55185399914626e-05, 0.0), (9.10396411200054e-05, 0.0), (0.000136554866912775, 284.956390380859), (0.000182074451004155, 31.6568031311035), (0.000227592143346556, 359.485198974609), (0.000273109821137041, 397.670623779297), (0.00031862870673649, 129.363372802734), (0.000364143343176693, 399.255401611328), (0.000409660511650145, 483.923126220703), (0.000455179222626612, 553.345703125), (0.000500697584357113, 614.000183105469), (0.000546214985661209, 609.204895019531), (0.000591731048189104, 605.37744140625), (0.000637248798739165, 612.723327636719), (0.000682766316458583, 590.007507324219), (0.000728284125216305, 549.122802734375), (0.000773801875766367, 558.545593261719), (0.000819320441223681, 627.497253417969), (0.000864838191773742, 634.214416503906), (0.000910355011001229, 642.682800292969)],[(0.0, 0.0), (4.55185399914626e-05, 0.0), (9.10396411200054e-05, 0.0), (0.000136554866912775, -272.988403320313), (0.000182074451004155, -31.4906673431396), (0.000227592143346556, -340.147155761719), (0.000273109821137041, -378.970886230469), (0.00031862870673649, -126.399612426758), (0.000364143343176693, -388.201965332031), (0.000409660511650145, -458.561553955078), (0.000455179222626612, -531.722961425781), (0.000500697584357113, -594.398864746094), (0.000546214985661209, -601.682861328125), (0.000591731048189104, -579.1630859375), (0.000637248798739165, -577.913940429688), (0.000682766316458583, -563.816467285156), (0.000728284125216305, -528.861267089844), (0.000773801875766367, -539.734924316406), (0.000819320441223681, -608.135925292969), (0.000864838191773742, -617.340087890625), (0.000910355011001229, -622.013916015625)],[(0.0, 0.0), (4.55185399914626e-05, 0.0), (9.10396411200054e-05, 0.0), (0.000136554866912775, -81.7158050537109), (0.000182074451004155, 3.23899841308594), (0.000227592143346556, -116.316474914551), (0.000273109821137041, -120.511329650879), (0.00031862870673649, -27.5321578979492), (0.000364143343176693, -93.2958374023438), (0.000409660511650145, -154.605606079102), (0.000455179222626612, -153.173721313477), (0.000500697584357113, -153.903198242188), (0.000546214985661209, -95.4375991821289), (0.000591731048189104, -176.215621948242), (0.000637248798739165, -203.581298828125), (0.000682766316458583, -173.838638305664), (0.000728284125216305, -147.788986206055), (0.000773801875766367, -143.733856201172), (0.000819320441223681, -154.672225952148), (0.000864838191773742, -145.324340820313), (0.000910355011001229, -161.678436279297)]
6,3165,Lasso,AISI_4340,500,30,-10,545.15,brute force,[(0.0, 0.0), (0.000240006382227875, 0.0), (0.000480000860989094, 137.668075561523), (0.000720000942237675, 117.709854125977), (0.000960003351792693, 83.191520690918), (0.0012000035494566, 336.968994140625), (0.00144000304862857, 358.913787841797), (0.00168000347912312, 482.906616210938), (0.00192000332754105, 263.038940429688), (0.00216000084765255, 584.729064941406), (0.0024000012781471, 643.126159667969), (0.00264000333845615, 594.752258300781), (0.00288000097498298, 435.273040771484), (0.00312000280246139, 577.637084960938), (0.00336000043898821, 545.398742675781), (0.00360000133514404, 74.6371688842773), (0.00384000292979181, 528.878356933594), (0.00408000079914927, 306.959716796875), (0.00432000262662768, 535.714782714844), (0.00456000119447708, 379.258270263672), (0.00480000022798777, 625.260681152344)],[(0.0, 0.0), (0.000240006382227875, 0.0), (0.000480000860989094, -122.27808380127), (0.000720000942237675, -113.542221069336), (0.000960003351792693, -83.1826324462891), (0.0012000035494566, -319.339477539063), (0.00144000304862857, -339.218505859375), (0.00168000347912312, -434.028472900391), (0.00192000332754105, -248.231796264648), (0.00216000084765255, -538.957275390625), (0.0024000012781471, -603.646484375), (0.00264000333845615, -541.063659667969), (0.00288000097498298, -414.458831787109), (0.00312000280246139, -542.2568359375), (0.00336000043898821, -516.867553710938), (0.00360000133514404, -73.6411819458008), (0.00384000292979181, -509.856719970703), (0.00408000079914927, -287.804718017578), (0.00432000262662768, -503.751342773438), (0.00456000119447708, -357.564788818359), (0.00480000022798777, -580.476501464844)],[(0.0, 0.0), (0.000240006382227875, 0.0), (0.000480000860989094, -63.2500648498535), (0.000720000942237675, -31.0446949005127), (0.000960003351792693, -1.21640419960022), (0.0012000035494566, -107.565780639648), (0.00144000304862857, -117.26001739502), (0.00168000347912312, -211.702865600586), (0.00192000332754105, -87.0084228515625), (0.00216000084765255, -226.788757324219), (0.0024000012781471, -221.86083984375), (0.00264000333845615, -246.94206237793), (0.00288000097498298, -132.990570068359), (0.00312000280246139, -199.053192138672), (0.00336000043898821, -174.091186523438), (0.00360000133514404, -12.1525421142578), (0.00384000292979181, -140.564682006836), (0.00408000079914927, -106.73664855957), (0.00432000262662768, -182.276931762695), (0.00456000119447708, -126.428916931152), (0.00480000022798777, -232.374633789063)]
7,890,LGBMRegressor,AISI_52100,1227.333333,73.64,-10,127.09,brute force,[(0.0, 0.0), (9.77771196630783e-05, 0.0), (0.00019554934988264, 126.111595153809), (0.000293321965727955, 163.929748535156), (0.000391092529753223, 81.0160827636719), (0.000488870544359088, 310.467987060547), (0.000586639216635376, 427.402099609375), (0.000684413069393486, 285.113220214844), (0.000782186980359256, 121.535079956055), (0.000879960367456079, 82.8649444580078), (0.000977733754552901, 74.7363433837891), (0.00107550737448037, 240.143753051758), (0.00117328076157719, 93.8955154418945), (0.00127105414867401, 140.127670288086), (0.00136882730294019, 300.896026611328), (0.00146660069003701, 250.243423461914), (0.00156436813995242, 330.349792480469), (0.00166214117780328, 124.25284576416), (0.00175991444848478, 254.741500854492), (0.00185768760275096, 338.889190673828), (0.0019554600585252, 219.546249389648)],[(0.0, 0.0), (9.77771196630783e-05, 0.0), (0.00019554934988264, -111.612609863281), (0.000293321965727955, -146.394088745117), (0.000391092529753223, -74.8923187255859), (0.000488870544359088, -285.763946533203), (0.000586639216635376, -367.784240722656), (0.000684413069393486, -272.444702148438), (0.000782186980359256, -120.42520904541), (0.000879960367456079, -81.2584075927734), (0.000977733754552901, -68.2644653320313), (0.00107550737448037, -217.408248901367), (0.00117328076157719, -91.3505706787109), (0.00127105414867401, -124.793525695801), (0.00136882730294019, -280.210388183594), (0.00146660069003701, -235.939498901367), (0.00156436813995242, -298.069946289063), (0.00166214117780328, -118.119720458984), (0.00175991444848478, -242.038879394531), (0.00185768760275096, -308.215881347656), (0.0019554600585252, -213.087142944336)],[(0.0, 0.0), (9.77771196630783e-05, 0.0), (0.00019554934988264, -58.7091064453125), (0.000293321965727955, -73.7681045532227), (0.000391092529753223, -30.8989715576172), (0.000488870544359088, -121.364486694336), (0.000586639216635376, -217.732208251953), (0.000684413069393486, -84.0442123413086), (0.000782186980359256, -16.3872966766357), (0.000879960367456079, -16.2379093170166), (0.000977733754552901, -30.4217586517334), (0.00107550737448037, -101.99348449707), (0.00117328076157719, -21.7127017974854), (0.00127105414867401, -63.7364921569824), (0.00136882730294019, -109.638290405273), (0.00146660069003701, -83.3926162719727), (0.00156436813995242, -142.426406860352), (0.00166214117780328, -38.55517578125), (0.00175991444848478, -79.438102722168), (0.00185768760275096, -140.885971069336), (0.0019554600585252, -52.8623695373535)]
8,3149,Lasso,AISI_52100,500,30,7.58,272.77,brute force,[(0.0, 0.0), (0.000240003209910356, 0.0), (0.000480006128782406, 0.0), (0.00072000443469733, 307.971649169922), (0.000960003410000354, 288.706237792969), (0.00120000110473484, 325.670227050781), (0.0014400010695681, 304.300048828125), (0.00168000382836908, 317.881652832031), (0.00192000286187977, 321.302886962891), (0.00216000154614449, 209.120697021484), (0.00240000314079225, 319.631927490234), (0.00264000194147229, 296.818115234375), (0.00288000074215233, 264.251190185547), (0.00312000326812267, 281.639984130859), (0.00336000206880271, 241.476348876953), (0.0036000011023134, 320.804260253906), (0.00384000362828374, 294.659301757813), (0.00408000266179442, 315.913543701172), (0.00432000122964382, 280.035827636719), (0.00456000398844481, 272.633880615234), (0.00480000022798777, 277.792144775391)],[(0.0, 0.0), (0.000240003209910356, 0.0), (0.000480006128782406, 0.0), (0.00072000443469733, -296.843048095703), (0.000960003410000354, -282.369232177734), (0.00120000110473484, -303.872650146484), (0.0014400010695681, -292.942779541016), (0.00168000382836908, -304.540985107422), (0.00192000286187977, -309.332946777344), (0.00216000154614449, -205.0986328125), (0.00240000314079225, -309.99951171875), (0.00264000194147229, -285.527069091797), (0.00288000074215233, -256.600311279297), (0.00312000326812267, -278.526184082031), (0.00336000206880271, -239.011108398438), (0.0036000011023134, -299.581970214844), (0.00384000362828374, -281.4619140625), (0.00408000266179442, -297.176452636719), (0.00432000122964382, -270.142028808594), (0.00456000398844481, -268.580688476563), (0.00480000022798777, -266.329162597656)],[(0.0, 0.0), (0.000240003209910356, 0.0), (0.000480006128782406, 0.0), (0.00072000443469733, -82.0410766601563), (0.000960003410000354, -60.1573867797852), (0.00120000110473484, -117.143119812012), (0.0014400010695681, -82.3592681884766), (0.00168000382836908, -91.1236953735352), (0.00192000286187977, -86.8830947875977), (0.00216000154614449, -40.8169212341309), (0.00240000314079225, -77.8772583007813), (0.00264000194147229, -81.0881500244141), (0.00288000074215233, -63.126579284668), (0.00312000326812267, -41.7641830444336), (0.00336000206880271, -34.4168586730957), (0.0036000011023134, -114.743240356445), (0.00384000362828374, -87.1968460083008), (0.00408000266179442, -107.179809570313), (0.00432000122964382, -73.7790603637695), (0.00456000398844481, -46.8363800048828), (0.00480000022798777, -78.9762725830078)]
9,4126,Lasso,AISI_4140,1000,60,-3.11,1124.26,GA,[(0.0, 0.0), (0.000120003300253302, 0.0), (0.00024000569828786, 0.0), (0.000360004283720627, 246.526916503906), (0.000480001093819737, 528.894775390625), (0.000600001425482333, 703.769958496094), (0.000720001698937267, 682.242919921875), (0.000840000109747052, 789.908325195313), (0.000960001372732222, 821.60986328125), (0.0010800005402416, 870.889404296875), (0.0012000014539808, 951.264282226563), (0.00132000027224422, 960.12744140625), (0.0014400010695681, 913.357360839844), (0.00156000058632344, 1045.82604980469), (0.00168000115081668, 1100.11437988281), (0.00180000090040267, 1170.42199707031), (0.00192000006791204, 1106.640625), (0.00204000086523592, 1010.53985595703), (0.0021600010804832, 1030.33361816406), (0.00228000013157725, 1120.76062011719), (0.00240000011399388, 1116.90673828125)],[(0.0, 0.0), (0.000120003300253302, 0.0), (0.00024000569828786, 0.0), (0.000360004283720627, -240.667327880859), (0.000480001093819737, -484.934936523438), (0.000600001425482333, -649.135925292969), (0.000720001698937267, -653.460815429688), (0.000840000109747052, -702.736999511719), (0.000960001372732222, -765.225341796875), (0.0010800005402416, -831.157409667969), (0.0012000014539808, -900.446350097656), (0.00132000027224422, -923.456115722656), (0.0014400010695681, -879.0751953125), (0.00156000058632344, -991.96728515625), (0.00168000115081668, -1042.56762695313), (0.00180000090040267, -1114.36889648438), (0.00192000006791204, -1078.4501953125), (0.00204000086523592, -974.065734863281), (0.0021600010804832, -982.593444824219), (0.00228000013157725, -1040.00183105469), (0.00240000011399388, -1050.04931640625)],[(0.0, 0.0), (0.000120003300253302, 0.0), (0.00024000569828786, 0.0), (0.000360004283720627, -53.4299621582031), (0.000480001093819737, -211.110809326172), (0.000600001425482333, -271.872589111328), (0.000720001698937267, -196.072265625), (0.000840000109747052, -360.715698242188), (0.000960001372732222, -299.120391845703), (0.0010800005402416, -260.049499511719), (0.0012000014539808, -306.757385253906), (0.00132000027224422, -262.818359375), (0.0014400010695681, -247.887924194336), (0.00156000058632344, -331.289947509766), (0.00168000115081668, -351.147277832031), (0.00180000090040267, -357.868255615234), (0.00192000006791204, -248.190475463867), (0.00204000086523592, -269.047760009766), (0.0021600010804832, -309.995666503906), (0.00228000013157725, -417.732696533203), (0.00240000011399388, -380.627166748047)]
10,925,LGBMRegressor,AISI_4140,4999.833333,299.99,6.62,238.47,GA,[(0.0, 0.0), (2.40050085267285e-05, 0.0), (4.80054877698421e-05, 0.0), (7.20073730917647e-05, 38.2891235351563), (9.60069737629965e-05, 281.804138183594), (0.000120007811347023, 559.08447265625), (0.000144007382914424, 611.096984863281), (0.000168006168678403, 766.355407714844), (0.000192006511497311, 864.563537597656), (0.000216007334529422, 882.907165527344), (0.000240008492255583, 930.971862792969), (0.00026400902424939, 998.810974121094), (0.000288010574877262, 1033.28173828125), (0.000312010786728933, 1038.90905761719), (0.000336011755280197, 1077.95471191406), (0.000360012520104647, 1180.50451660156), (0.000384013692382723, 1118.63708496094), (0.000408013933338225, 1137.53063964844), (0.000432015105616301, 1292.61938476563), (0.000456015579402447, 1349.2685546875), (0.000480015994980931, 1270.1953125)],[(0.0, 0.0), (2.40050085267285e-05, 0.0), (4.80054877698421e-05, 0.0), (7.20073730917647e-05, -32.8624382019043), (9.60069737629965e-05, -227.434020996094), (0.000120007811347023, -531.615051269531), (0.000144007382914424, -589.081970214844), (0.000168006168678403, -687.66650390625), (0.000192006511497311, -782.833618164063), (0.000216007334529422, -838.975830078125), (0.000240008492255583, -894.209167480469), (0.00026400902424939, -954.275939941406), (0.000288010574877262, -990.074829101563), (0.000312010786728933, -980.734802246094), (0.000336011755280197, -1024.29406738281), (0.000360012520104647, -1131.05187988281), (0.000384013692382723, -1092.12841796875), (0.000408013933338225, -1123.853515625), (0.000432015105616301, -1242.83068847656), (0.000456015579402447, -1282.89636230469), (0.000480015994980931, -1235.07775878906)],[(0.0, 0.0), (2.40050085267285e-05, 0.0), (4.80054877698421e-05, 0.0), (7.20073730917647e-05, -19.6498622894287), (9.60069737629965e-05, -166.395141601563), (0.000120007811347023, -173.092193603516), (0.000144007382914424, -162.548400878906), (0.000168006168678403, -338.253479003906), (0.000192006511497311, -366.935424804688), (0.000216007334529422, -275.035705566406), (0.000240008492255583, -259.033935546875), (0.00026400902424939, -294.925140380859), (0.000288010574877262, -295.673706054688), (0.000312010786728933, -342.770141601563), (0.000336011755280197, -335.868774414063), (0.000360012520104647, -338.101531982422), (0.000384013692382723, -242.083343505859), (0.000408013933338225, -175.867050170898), (0.000432015105616301, -355.298248291016), (0.000456015579402447, -417.974334716797), (0.000480015994980931, -296.612457275391)]
11,1666,Lasso,AISI_4340,1000,60,-10,547.73,GA,[(0.0, 0.0), (0.000120002063340507, 0.0), (0.000240005916566588, 138.796798706055), (0.000360004312824458, 148.638580322266), (0.00048000187962316, 96.3629684448242), (0.000600003695581108, 190.65348815918), (0.000720000069122761, 430.602844238281), (0.000840003485791385, 537.988830566406), (0.000960001430939883, 450.314727783203), (0.00108000298496336, 584.211120605469), (0.00120000017341226, 559.520629882813), (0.00132000097073615, 590.466125488281), (0.00144000316504389, 624.528869628906), (0.00156000209972262, 370.814727783203), (0.00168000347912312, 507.837036132813), (0.00180000066757202, 604.032836914063), (0.00192000297829509, 654.593200683594), (0.00204000016674399, 454.073150634766), (0.00216000201180577, 648.443420410156), (0.00228000106289983, 373.296020507813), (0.00240000011399388, 603.298400878906)],[(0.0, 0.0), (0.000120002063340507, 0.0), (0.000240005916566588, -122.839416503906), (0.000360004312824458, -147.016418457031), (0.00048000187962316, -94.6272583007813), (0.000600003695581108, -186.299758911133), (0.000720000069122761, -411.236328125), (0.000840003485791385, -483.1103515625), (0.000960001430939883, -425.439788818359), (0.00108000298496336, -533.456665039063), (0.00120000017341226, -533.64697265625), (0.00132000097073615, -548.674011230469), (0.00144000316504389, -587.572875976563), (0.00156000209972262, -360.477203369141), (0.00168000347912312, -492.901062011719), (0.00180000066757202, -554.611755371094), (0.00192000297829509, -599.559875488281), (0.00204000016674399, -450.183471679688), (0.00216000201180577, -606.5048828125), (0.00228000106289983, -364.309295654297), (0.00240000011399388, -546.912719726563)],[(0.0, 0.0), (0.000120002063340507, 0.0), (0.000240005916566588, -64.6144638061523), (0.000360004312824458, -21.8998279571533), (0.00048000187962316, -18.2072277069092), (0.000600003695581108, -40.5111427307129), (0.000720000069122761, -127.685096740723), (0.000840003485791385, -236.720077514648), (0.000960001430939883, -147.595153808594), (0.00108000298496336, -238.173492431641), (0.00120000017341226, -168.179092407227), (0.00132000097073615, -218.190536499023), (0.00144000316504389, -211.64697265625), (0.00156000209972262, -86.9468460083008), (0.00168000347912312, -122.257926940918), (0.00180000066757202, -239.293762207031), (0.00192000297829509, -262.716979980469), (0.00204000016674399, -59.3066329956055), (0.00216000201180577, -229.413726806641), (0.00228000106289983, -81.4165267944336), (0.00240000011399388, -254.667221069336)]
12,1074,LGBMRegressor,AISI_4340,2656.5,159.39,2.95,573.28,GA,[(0.0, 0.0), (4.5176777348388e-05, 0.0), (9.03494146768935e-05, 0.0), (0.000135516995214857, 295.904235839844), (0.00018069296493195, 25.0131301879883), (0.000225862517254427, 264.4951171875), (0.000271035882178694, 459.503967285156), (0.000316205580020323, 465.198577880859), (0.000361377868102863, 592.986328125), (0.000406551174819469, 658.8876953125), (0.000451722764410079, 664.838012695313), (0.000496895110700279, 587.296508789063), (0.000542068795766681, 553.137512207031), (0.000587238755542785, 640.79248046875), (0.000632411218248308, 677.740051269531), (0.000677583855576813, 711.774230957031), (0.000722755561582744, 664.861633300781), (0.000767927791457623, 736.590087890625), (0.000813100545201451, 714.593139648438), (0.000858272716868669, 706.453247070313), (0.000903444015420973, 640.603210449219)],[(0.0, 0.0), (4.5176777348388e-05, 0.0), (9.03494146768935e-05, 0.0), (0.000135516995214857, -284.976379394531), (0.00018069296493195, -24.7490196228027), (0.000225862517254427, -261.095428466797), (0.000271035882178694, -435.540252685547), (0.000316205580020323, -458.220153808594), (0.000361377868102863, -580.30419921875), (0.000406551174819469, -647.018798828125), (0.000451722764410079, -651.005981445313), (0.000496895110700279, -556.960510253906), (0.000542068795766681, -532.280395507813), (0.000587238755542785, -603.151733398438), (0.000632411218248308, -657.682006835938), (0.000677583855576813, -693.623107910156), (0.000722755561582744, -625.352722167969), (0.000767927791457623, -711.994445800781), (0.000813100545201451, -652.276062011719), (0.000858272716868669, -661.402160644531), (0.000903444015420973, -598.530151367188)],[(0.0, 0.0), (4.5176777348388e-05, 0.0), (9.03494146768935e-05, 0.0), (0.000135516995214857, -79.6729278564453), (0.00018069296493195, 3.62528443336487), (0.000225862517254427, -42.2710914611816), (0.000271035882178694, -146.453399658203), (0.000316205580020323, -80.2746429443359), (0.000361377868102863, -121.982734680176), (0.000406551174819469, -124.49772644043), (0.000451722764410079, -134.910232543945), (0.000496895110700279, -186.312164306641), (0.000542068795766681, -150.461715698242), (0.000587238755542785, -216.386138916016), (0.000632411218248308, -163.664138793945), (0.000677583855576813, -159.717178344727), (0.000722755561582744, -225.776321411133), (0.000767927791457623, -188.756042480469), (0.000813100545201451, -291.854949951172), (0.000858272716868669, -248.240524291992), (0.000903444015420973, -228.328994750977)]
13,1305,Lasso,AISI_52100,1000,60,7.63,274.44,GA,[(0.0, 0.0), (0.000120005162898451, 0.0), (0.000240003209910356, 0.0), (0.000360003206878901, 182.728973388672), (0.000480002636322752, 135.17497253418), (0.000600000435952097, 167.027679443359), (0.000720004609320313, 285.618835449219), (0.000840000808238983, 289.225677490234), (0.00096000503981486, 264.392425537109), (0.001080003217794, 289.204864501953), (0.00120000343304127, 283.807220458984), (0.00132000027224422, 193.753662109375), (0.0014400037471205, 300.441680908203), (0.00156000012066215, 288.548370361328), (0.00168000150006264, 280.068359375), (0.00180000299587846, 192.31916809082), (0.00192000437527895, 151.898056030273), (0.00204000063240528, 299.728302001953), (0.00216000224463642, 298.83154296875), (0.00228000362403691, 287.675720214844), (0.00240000011399388, 289.356048583984)],[(0.0, 0.0), (0.000120005162898451, 0.0), (0.000240003209910356, 0.0), (0.000360003206878901, -174.441482543945), (0.000480002636322752, -133.074127197266), (0.000600000435952097, -166.998336791992), (0.000720004609320313, -275.995239257813), (0.000840000808238983, -278.535675048828), (0.00096000503981486, -262.900756835938), (0.001080003217794, -280.540344238281), (0.00120000343304127, -273.045318603516), (0.00132000027224422, -193.010223388672), (0.0014400037471205, -288.240875244141), (0.00156000012066215, -275.914947509766), (0.00168000150006264, -276.634429931641), (0.00180000299587846, -185.248153686523), (0.00192000437527895, -151.685958862305), (0.00204000063240528, -288.138885498047), (0.00216000224463642, -284.376251220703), (0.00228000362403691, -281.744354248047), (0.00240000011399388, -278.530456542969)],[(0.0, 0.0), (0.000120005162898451, 0.0), (0.000240003209910356, 0.0), (0.000360003206878901, -54.4062843322754), (0.000480002636322752, -23.7392063140869), (0.000600000435952097, 3.13095808029175), (0.000720004609320313, -73.516975402832), (0.000840000808238983, -77.9061813354492), (0.00096000503981486, -28.0454883575439), (0.001080003217794, -70.2606506347656), (0.00120000343304127, -77.4132080078125), (0.00132000027224422, -16.9568824768066), (0.0014400037471205, -84.7490005493164), (0.00156000012066215, -84.4458465576172), (0.00168000150006264, -43.7227210998535), (0.00180000299587846, -51.6699752807617), (0.00192000437527895, -8.02426242828369), (0.00204000063240528, -82.5410766601563), (0.00216000224463642, -91.8174057006836), (0.00228000362403691, -58.1158256530762), (0.00240000011399388, -78.4072494506836)]
14,903,LGBMRegressor,AISI_52100,1426.5,85.59,9.97,254.99,GA,[(0.0, 0.0), (8.41226574266329e-05, 0.0), (0.000168248036061414, 0.0), (0.00025237153749913, 301.223968505859), (0.000336491328198463, 166.683670043945), (0.000420613738242537, 180.545227050781), (0.000504732597619295, 274.752288818359), (0.000588855822570622, 301.194702148438), (0.000672976137138903, 273.988067626953), (0.000757101166527718, 279.730590820313), (0.000841221190057695, 211.446746826172), (0.000925346277654171, 173.595642089844), (0.00100946624297649, 284.97021484375), (0.00109358632471412, 112.813407897949), (0.00117771129589528, 286.657470703125), (0.00126183137763292, 275.182647705078), (0.00134595634881407, 250.723541259766), (0.00143007643055171, 273.687469482422), (0.00151419639587402, 254.035217285156), (0.0015983214834705, 295.920166015625), (0.00168244005180895, 283.397369384766)],[(0.0, 0.0), (8.41226574266329e-05, 0.0), (0.000168248036061414, 0.0), (0.00025237153749913, -290.703765869141), (0.000336491328198463, -164.386459350586), (0.000420613738242537, -180.032073974609), (0.000504732597619295, -267.993347167969), (0.000588855822570622, -285.175201416016), (0.000672976137138903, -265.676635742188), (0.000757101166527718, -272.552917480469), (0.000841221190057695, -203.918106079102), (0.000925346277654171, -173.229965209961), (0.00100946624297649, -274.277069091797), (0.00109358632471412, -112.763389587402), (0.00117771129589528, -280.267608642578), (0.00126183137763292, -265.506469726563), (0.00134595634881407, -250.61506652832), (0.00143007643055171, -266.637298583984), (0.00151419639587402, -253.095809936523), (0.0015983214834705, -283.219604492188), (0.00168244005180895, -274.824340820313)],[(0.0, 0.0), (8.41226574266329e-05, 0.0), (0.000168248036061414, 0.0), (0.00025237153749913, -78.9126205444336), (0.000336491328198463, -27.5778350830078), (0.000420613738242537, -13.6026935577393), (0.000504732597619295, -60.5671043395996), (0.000588855822570622, -96.9192733764648), (0.000672976137138903, -66.9730682373047), (0.000757101166527718, -62.9612503051758), (0.000841221190057695, -55.9207801818848), (0.000925346277654171, 11.2617816925049), (0.00100946624297649, -77.331169128418), (0.00109358632471412, -3.35891509056091), (0.00117771129589528, -60.1878051757813), (0.00126183137763292, -72.3312377929688), (0.00134595634881407, -7.37455224990845), (0.00143007643055171, -61.7202377319336), (0.00151419639587402, -21.8266220092773), (0.0015983214834705, -85.7636184692383), (0.00168244005180895, -69.1783752441406)]
15,1607,Lasso,AISI_304,1000.166667,60.01,10,661.88,GA,[(0.0, 0.0), (0.000119984608318191, 0.0), (0.000239965302171186, 0.0), (0.000359943776857108, 416.744873046875), (0.000479923299280927, 361.685272216797), (0.000599901541136205, 549.894897460938), (0.0007198840030469, 685.411743164063), (0.000839862157590687, 704.215515136719), (0.000959844212047756, 646.225463867188), (0.00107982091140002, 664.014221191406), (0.00119980389717966, 598.29296875), (0.00131978141143918, 674.592895507813), (0.00143976311665028, 645.382385253906), (0.0015597406309098, 600.514038085938), (0.00167972221970558, 691.279052734375), (0.00179970380850136, 605.2109375), (0.0019196814391762, 689.090759277344), (0.00203966302797198, 689.998352050781), (0.00215964065864682, 620.420532226563), (0.0022796222474426, 665.828918457031), (0.00239960011094809, 602.995788574219)],[(0.0, 0.0), (0.000119984608318191, 0.0), (0.000239965302171186, 0.0), (0.000359943776857108, -404.849456787109), (0.000479923299280927, -343.108428955078), (0.000599901541136205, -546.294860839844), (0.0007198840030469, -635.001281738281), (0.000839862157590687, -676.662536621094), (0.000959844212047756, -636.470275878906), (0.00107982091140002, -643.157104492188), (0.00119980389717966, -595.980834960938), (0.00131978141143918, -653.6640625), (0.00143976311665028, -626.84765625), (0.0015597406309098, -593.945617675781), (0.00167972221970558, -665.614318847656), (0.00179970380850136, -596.46337890625), (0.0019196814391762, -665.932922363281), (0.00203966302797198, -664.5341796875), (0.00215964065864682, -609.726745605469), (0.0022796222474426, -643.518737792969), (0.00239960011094809, -591.843505859375)],[(0.0, 0.0), (0.000119984608318191, 0.0), (0.000239965302171186, 0.0), (0.000359943776857108, -98.8595962524414), (0.000479923299280927, -114.424003601074), (0.000599901541136205, -62.8198394775391), (0.0007198840030469, -257.997375488281), (0.000839862157590687, -195.057281494141), (0.000959844212047756, -111.861221313477), (0.00107982091140002, -165.117660522461), (0.00119980389717966, -52.5485076904297), (0.00131978141143918, -166.729843139648), (0.00143976311665028, -153.559265136719), (0.0015597406309098, -88.5758590698242), (0.00167972221970558, -186.612670898438), (0.00179970380850136, -102.526847839355), (0.0019196814391762, -177.14241027832), (0.00203966302797198, -185.720428466797), (0.00215964065864682, -114.694847106934), (0.0022796222474426, -170.914657592773), (0.00239960011094809, -115.434638977051)]
16,873,LGBMRegressor,AISI_304,1830,109.8,10,337.05,GA,[(0.0, 0.0), (6.55771946185268e-05, 0.0), (0.000131150474771857, 0.0), (0.000196727633010596, 322.477722167969), (0.00026229809736833, 346.830108642578), (0.000327871268382296, 269.955474853516), (0.000393444439396262, 321.859558105469), (0.00045902279089205, 437.567474365234), (0.000524592061992735, 599.058715820313), (0.00059017026796937, 640.8974609375), (0.000655741489026695, 713.913269042969), (0.000721315504051745, 682.729797363281), (0.000786888704169542, 711.961181640625), (0.00085246458183974, 653.060607910156), (0.000918036850634962, 714.123779296875), (0.000983613193966448, 538.72509765625), (0.00104918540455401, 699.846862792969), (0.00111476168967783, 685.527465820313), (0.0011803339002654, 629.284301757813), (0.00124590622726828, 703.556396484375), (0.00131147995125502, 682.594787597656)],[(0.0, 0.0), (6.55771946185268e-05, 0.0), (0.000131150474771857, 0.0), (0.000196727633010596, -319.86767578125), (0.00026229809736833, -312.880920410156), (0.000327871268382296, -267.676086425781), (0.000393444439396262, -296.585906982422), (0.00045902279089205, -403.192626953125), (0.000524592061992735, -596.512512207031), (0.00059017026796937, -621.735412597656), (0.000655741489026695, -680.244445800781), (0.000721315504051745, -665.588073730469), (0.000786888704169542, -686.153198242188), (0.00085246458183974, -645.724487304688), (0.000918036850634962, -689.413940429688), (0.000983613193966448, -534.636779785156), (0.00104918540455401, -676.877197265625), (0.00111476168967783, -665.021850585938), (0.0011803339002654, -619.2080078125), (0.00124590622726828, -680.618347167969), (0.00131147995125502, -661.726928710938)],[(0.0, 0.0), (6.55771946185268e-05, 0.0), (0.000131150474771857, 0.0), (0.000196727633010596, -40.9456443786621), (0.00026229809736833, -149.655151367188), (0.000327871268382296, 35.0068016052246), (0.000393444439396262, -125.021453857422), (0.00045902279089205, -170.0029296875), (0.000524592061992735, -55.1738433837891), (0.00059017026796937, -155.54621887207), (0.000655741489026695, -216.655685424805), (0.000721315504051745, -152.028030395508), (0.000786888704169542, -189.95393371582), (0.00085246458183974, -97.6114654541016), (0.000918036850634962, -186.228897094727), (0.000983613193966448, -66.2436447143555), (0.00104918540455401, -177.828186035156), (0.00111476168967783, -166.414703369141), (0.0011803339002654, -112.16130065918), (0.00124590622726828, -178.186050415039), (0.00131147995125502, -167.490570068359)]
17,1131,Lasso,AISI_1020,1000.166667,60.01,3.42,63.1,GA,[(0.0, 0.0), (0.000119984339107759, 0.0), (0.000239964560023509, 0.0), (0.000359943078365177, 58.0535926818848), (0.000479921989608556, 66.4388122558594), (0.000599900784436613, 39.6284217834473), (0.000719885574653745, 41.8987007141113), (0.00083986425306648, 22.6780624389648), (0.000959842873271555, 78.9835968017578), (0.00107982149347663, 25.4715404510498), (0.00119980017188936, 89.5179443359375), (0.00131978478748351, 16.3926887512207), (0.00143976346589625, 0.0), (0.00155974202789366, 8.91125774383545), (0.00167972058989108, 34.0346908569336), (0.00179970532190055, 55.760871887207), (0.00191968388389796, 0.0), (0.00203966232948005, 32.1401824951172), (0.00215964089147747, 39.8790588378906), (0.00227962550707161, 18.1855907440186), (0.00239960011094809, 42.2218246459961)],[(0.0, 0.0), (0.000119984339107759, 0.0), (0.000239964560023509, 0.0), (0.000359943078365177, -52.4803466796875), (0.000479921989608556, -63.6992568969727), (0.000599900784436613, -37.5359878540039), (0.000719885574653745, -41.8508186340332), (0.00083986425306648, -21.1483535766602), (0.000959842873271555, -74.828239440918), (0.00107982149347663, -25.1751041412354), (0.00119980017188936, -85.8063125610352), (0.00131978478748351, -16.2958698272705), (0.00143976346589625, 0.0), (0.00155974202789366, -6.65736722946167), (0.00167972058989108, -33.8810119628906), (0.00179970532190055, -52.9432144165039), (0.00191968388389796, 0.0), (0.00203966232948005, -31.7909355163574), (0.00215964089147747, -38.9680709838867), (0.00227962550707161, -17.769775390625), (0.00239960011094809, -39.488109588623)],[(0.0, 0.0), (0.000119984339107759, 0.0), (0.000239964560023509, 0.0), (0.000359943078365177, -24.820011138916), (0.000479921989608556, -18.8817615509033), (0.000599900784436613, -12.706748008728), (0.000719885574653745, 2.00255584716797), (0.00083986425306648, 8.18789386749268), (0.000959842873271555, -25.2812767028809), (0.00107982149347663, 3.8747239112854), (0.00119980017188936, -25.5095882415771), (0.00131978478748351, -1.77901446819305), (0.00143976346589625, 0.0), (0.00155974202789366, -5.92368030548096), (0.00167972058989108, -3.23065304756165), (0.00179970532190055, -17.5011711120605), (0.00191968388389796, 0.0), (0.00203966232948005, -4.72520923614502), (0.00215964089147747, -8.47519779205322), (0.00227962550707161, -3.86662292480469), (0.00239960011094809, -14.9456300735474)]
18,295,LGBMRegressor,AISI_1020,4254.5,255.27,8.53,86.17,GA,[(0.0, 0.0), (2.82070905086584e-05, 0.0), (5.64137662877329e-05, 0.0), (8.46190669108182e-05, 74.1854400634766), (0.000112827066914178, 54.5108299255371), (0.000141033378895372, 77.8059692382813), (0.000169233026099391, 40.8934593200684), (0.000197440123884007, 46.2030563354492), (0.000225644704187289, 73.18212890625), (0.000253854464972392, 48.8120155334473), (0.000282058666925877, 71.2946701049805), (0.000310262868879363, 54.1979293823242), (0.000338467041729018, 31.1819152832031), (0.000366671243682504, 73.2411575317383), (0.000394881004467607, 32.1541900634766), (0.000423085177317262, 62.1684875488281), (0.000451289379270747, 15.1297149658203), (0.000479493552120402, 21.6942253112793), (0.000507703342009336, 70.0782928466797), (0.000535907514858991, 36.2701110839844), (0.000564109010156244, 44.7297821044922)],[(0.0, 0.0), (2.82070905086584e-05, 0.0), (5.64137662877329e-05, 0.0), (8.46190669108182e-05, -68.9831695556641), (0.000112827066914178, -53.9419937133789), (0.000141033378895372, -69.4830322265625), (0.000169233026099391, -40.8336372375488), (0.000197440123884007, -46.1946182250977), (0.000225644704187289, -68.1738815307617), (0.000253854464972392, -48.7719116210938), (0.000282058666925877, -69.6737365722656), (0.000310262868879363, -53.8531799316406), (0.000338467041729018, -31.1818752288818), (0.000366671243682504, -69.3645629882813), (0.000394881004467607, -31.9596633911133), (0.000423085177317262, -59.7859992980957), (0.000451289379270747, -14.0253086090088), (0.000479493552120402, -21.6796703338623), (0.000507703342009336, -66.520133972168), (0.000535907514858991, -36.0964393615723), (0.000564109010156244, -42.5903282165527)],[(0.0, 0.0), (2.82070905086584e-05, 0.0), (5.64137662877329e-05, 0.0), (8.46190669108182e-05, -27.2910499572754), (0.000112827066914178, -7.85440015792847), (0.000141033378895372, -35.012523651123), (0.000169233026099391, 2.21115040779114), (0.000197440123884007, -0.882898688316345), (0.000225644704187289, -26.6072540283203), (0.000253854464972392, 1.97828042507172), (0.000282058666925877, -15.1162090301514), (0.000310262868879363, -6.10332250595093), (0.000338467041729018, 0.0498700700700283), (0.000366671243682504, -23.5122375488281), (0.000394881004467607, -3.53154182434082), (0.000423085177317262, -17.0456809997559), (0.000451289379270747, 5.67441654205322), (0.000479493552120402, 0.794539868831635), (0.000507703342009336, -22.0462894439697), (0.000535907514858991, -3.54513072967529), (0.000564109010156244, -13.6681213378906)]
19,375,Lasso,AISI_1020,3000,180,3.44,66.38,powell,[(0.0, 0.0), (4.00064236600883e-05, 0.0), (8.00020570750348e-05, 0.0), (0.000120002412586473, 67.1585388183594), (0.000160001844051294, 69.1686630249023), (0.000200003050849773, 91.5018539428711), (0.000240004068473354, 40.3814735412598), (0.000280005042441189, 0.0), (0.000320005929097533, 87.5718994140625), (0.000360000529326499, 32.8759765625), (0.000400001415982842, 49.4217796325684), (0.000440002331743017, 33.1459007263184), (0.000480003218399361, 29.2679996490479), (0.000520004075951874, 75.0380172729492), (0.000560004962608218, 32.1845169067383), (0.000600005849264562, 59.776439666748), (0.000640000449493527, 34.9581756591797), (0.00068000127794221, 30.5201873779297), (0.000720002164598554, 87.0454406738281), (0.000760002993047237, 0.0), (0.0007999999797903, 90.0263748168945)],[(0.0, 0.0), (4.00064236600883e-05, 0.0), (8.00020570750348e-05, 0.0), (0.000120002412586473, -61.5592651367188), (0.000160001844051294, -66.6238098144531), (0.000200003050849773, -85.9459609985352), (0.000240004068473354, -40.3661270141602), (0.000280005042441189, 0.0), (0.000320005929097533, -82.4859771728516), (0.000360000529326499, -32.8730239868164), (0.000400001415982842, -47.6222534179688), (0.000440002331743017, -33.1359558105469), (0.000480003218399361, -28.9707698822021), (0.000520004075951874, -71.6834182739258), (0.000560004962608218, -32.1785011291504), (0.000600005849264562, -58.6952247619629), (0.000640000449493527, -34.1399955749512), (0.00068000127794221, -30.4837627410889), (0.000720002164598554, -83.7770004272461), (0.000760002993047237, 0.0), (0.0007999999797903, -84.8231811523438)],[(0.0, 0.0), (4.00064236600883e-05, 0.0), (8.00020570750348e-05, 0.0), (0.000120002412586473, -26.8463363647461), (0.000160001844051294, -18.58957862854), (0.000200003050849773, -31.398754119873), (0.000240004068473354, -1.11320221424103), (0.000280005042441189, 0.0), (0.000320005929097533, -29.4092025756836), (0.000360000529326499, 0.440510153770447), (0.000400001415982842, -13.2148971557617), (0.000440002331743017, -0.811901569366455), (0.000480003218399361, 4.16056966781616), (0.000520004075951874, -22.1853771209717), (0.000560004962608218, 0.622129857540131), (0.000600005849264562, -11.3178243637085), (0.000640000449493527, 7.51895713806152), (0.00068000127794221, 1.49068284034729), (0.000720002164598554, -23.6288681030273), (0.000760002993047237, 0.0), (0.0007999999797903, -30.1624870300293)]
20,439,Lasso,AISI_52100,3000,180,7.58,281.15,powell,[(0.0, 0.0), (4.00041790271644e-05, 0.0), (8.0001242167782e-05, 0.0), (0.000120000579045154, 78.1422729492188), (0.00016000002506189, 157.130233764648), (0.000200002046767622, 230.328369140625), (0.000240004621446133, 280.266357421875), (0.000280002044746652, 224.08740234375), (0.000320004619425163, 153.907623291016), (0.000360002042725682, 277.454467773438), (0.000400004617404193, 282.279510498047), (0.000440002040704712, 266.06494140625), (0.000480004615383223, 221.068634033203), (0.000520002038683742, 131.120788574219), (0.000560004613362253, 289.274810791016), (0.000600002065766603, 267.462005615234), (0.000640004640445113, 268.286804199219), (0.000680002034641802, 191.647674560547), (0.000720004609320313, 169.808853149414), (0.000760002061724663, 259.111724853516), (0.0007999999797903, 291.760070800781)],[(0.0, 0.0), (4.00041790271644e-05, 0.0), (8.0001242167782e-05, 0.0), (0.000120000579045154, -76.9158020019531), (0.00016000002506189, -154.663970947266), (0.000200002046767622, -221.429824829102), (0.000240004621446133, -271.899749755859), (0.000280002044746652, -214.363510131836), (0.000320004619425163, -153.325561523438), (0.000360002042725682, -269.793762207031), (0.000400004617404193, -265.749847412109), (0.000440002040704712, -264.841186523438), (0.000480004615383223, -210.645248413086), (0.000520002038683742, -131.062850952148), (0.000560004613362253, -282.718627929688), (0.000600002065766603, -255.143417358398), (0.000640004640445113, -261.400329589844), (0.000680002034641802, -181.216644287109), (0.000720004609320313, -169.074279785156), (0.000760002061724663, -245.853500366211), (0.0007999999797903, -278.833648681641)],[(0.0, 0.0), (4.00041790271644e-05, 0.0), (8.0001242167782e-05, 0.0), (0.000120000579045154, -13.7903690338135), (0.00016000002506189, -27.7302856445313), (0.000200002046767622, -63.4033851623535), (0.000240004621446133, -67.9687271118164), (0.000280002044746652, -65.2950973510742), (0.000320004619425163, 13.3727674484253), (0.000360002042725682, -64.7480163574219), (0.000400004617404193, -95.1774139404297), (0.000440002040704712, -25.4892311096191), (0.000480004615383223, -67.081428527832), (0.000520002038683742, -3.89738821983337), (0.000560004613362253, -61.238037109375), (0.000600002065766603, -80.2356872558594), (0.000640004640445113, -60.3960456848145), (0.000680002034641802, -62.3647193908691), (0.000720004609320313, -15.7776966094971), (0.000760002061724663, -81.822624206543), (0.0007999999797903, -85.8820724487305)]
21,409,Lasso,AISI_4340,3000,180,-13.36,555.69,powell,[(0.0, 0.0), (4.0006354538491e-05, 0.0), (8.00053312559612e-05, 215.610092163086), (0.00012000492279185, 95.8236312866211), (0.000160000243340619, 164.932083129883), (0.000200004840735346, 184.876480102539), (0.000240003297221847, 462.286865234375), (0.000280001491773874, 428.639770507813), (0.000320004968671128, 365.373809814453), (0.000360002421075478, 453.586822509766), (0.000400005577830598, 277.770324707031), (0.000440003059338778, 213.449554443359), (0.000480000395327806, 409.797973632813), (0.000520003552082926, 480.506256103516), (0.000560002692509443, 341.445617675781), (0.000600000028498471, 327.353912353516), (0.000640003068838269, 366.175506591797), (0.000680000346619636, 98.3171157836914), (0.000720003445167094, 508.65576171875), (0.000760000722948462, 342.267303466797), (0.0007999999797903, 111.827789306641)],[(0.0, 0.0), (4.0006354538491e-05, 0.0), (8.00053312559612e-05, -193.464126586914), (0.00012000492279185, -91.1170654296875), (0.000160000243340619, -138.107925415039), (0.000200004840735346, -172.824630737305), (0.000240003297221847, -409.002410888672), (0.000280001491773874, -396.907470703125), (0.000320004968671128, -326.252349853516), (0.000360002421075478, -402.987121582031), (0.000400005577830598, -255.04801940918), (0.000440003059338778, -172.081283569336), (0.000480000395327806, -375.143493652344), (0.000520003552082926, -449.12744140625), (0.000560002692509443, -326.37353515625), (0.000600000028498471, -302.073791503906), (0.000640003068838269, -337.708953857422), (0.000680000346619636, -94.3743667602539), (0.000720003445167094, -450.726684570313), (0.000760000722948462, -309.763153076172), (0.0007999999797903, -106.492942810059)],[(0.0, 0.0), (4.0006354538491e-05, 0.0), (8.00053312559612e-05, -95.1805725097656), (0.00012000492279185, -29.6622467041016), (0.000160000243340619, -90.1598052978516), (0.000200004840735346, -65.6578903198242), (0.000240003297221847, -215.467361450195), (0.000280001491773874, -161.853317260742), (0.000320004968671128, -164.491409301758), (0.000360002421075478, -208.188354492188), (0.000400005577830598, -110.031211853027), (0.000440003059338778, -126.288330078125), (0.000480000395327806, -164.929504394531), (0.000520003552082926, -170.794586181641), (0.000560002692509443, -100.326629638672), (0.000600000028498471, -126.142845153809), (0.000640003068838269, -141.552703857422), (0.000680000346619636, -27.5632724761963), (0.000720003445167094, -235.745941162109), (0.000760000722948462, -145.58056640625), (0.0007999999797903, -34.1278038024902)]
22,1466,Lasso,AISI_4140,3000,180,-3.11,1135.62,powell,[(0.0, 0.0), (4.00038697989658e-05, 0.0), (8.00003253971227e-05, 0.0), (0.000120003198389895, 133.381790161133), (0.000160003663040698, 180.699417114258), (0.000200001857592724, 535.593627929688), (0.000240000765188597, 738.846374511719), (0.000280001026112586, 780.188903808594), (0.000320001359796152, 969.289367675781), (0.000360000965883955, 1125.85375976563), (0.00039999998989515, 1158.63696289063), (0.000440000352682546, 1151.31762695313), (0.000480000890092924, 1134.77233886719), (0.000520000234246254, 1274.79602050781), (0.000560000364203006, 1335.7001953125), (0.000600000668782741, 1419.35192871094), (0.000640000682324171, 1408.265625), (0.000680000870488584, 1433.60437011719), (0.000720000651199371, 1504.18115234375), (0.000760000722948462, 1582.99340820313), (0.0007999999797903, 1616.78356933594)],[(0.0, 0.0), (4.00038697989658e-05, 0.0), (8.00003253971227e-05, 0.0), (0.000120003198389895, -126.429870605469), (0.000160003663040698, -160.392776489258), (0.000200001857592724, -516.147155761719), (0.000240000765188597, -672.231872558594), (0.000280001026112586, -717.175659179688), (0.000320001359796152, -857.714233398438), (0.000360000965883955, -954.5068359375), (0.00039999998989515, -1028.79821777344), (0.000440000352682546, -1067.86511230469), (0.000480000890092924, -1081.30395507813), (0.000520000234246254, -1227.25146484375), (0.000560000364203006, -1269.62622070313), (0.000600000668782741, -1309.58508300781), (0.000640000682324171, -1302.61181640625), (0.000680000870488584, -1324.40014648438), (0.000720000651199371, -1387.85095214844), (0.000760000722948462, -1429.78540039063), (0.0007999999797903, -1433.11413574219)],[(0.0, 0.0), (4.00038697989658e-05, 0.0), (8.00003253971227e-05, 0.0), (0.000120003198389895, -42.4992942810059), (0.000160003663040698, -83.2252197265625), (0.000200001857592724, -143.012847900391), (0.000240000765188597, -306.591430664063), (0.000280001026112586, -307.170654296875), (0.000320001359796152, -451.495513916016), (0.000360000965883955, -597.045654296875), (0.00039999998989515, -532.929504394531), (0.000440000352682546, -430.344482421875), (0.000480000890092924, -344.223541259766), (0.000520000234246254, -344.903869628906), (0.000560000364203006, -414.902770996094), (0.000600000668782741, -547.308715820313), (0.000640000682324171, -535.177185058594), (0.000680000870488584, -548.803771972656), (0.000720000651199371, -580.026611328125), (0.000760000722948462, -679.398254394531), (0.0007999999797903, -748.446899414063)]
23,414,Lasso,AISI_1045,3000,180,0.72,223.34,powell,[(0.0, 0.0), (4.00038989027962e-05, 0.0), (8.00062043708749e-05, 0.0), (0.00012000287824776, 127.908271789551), (0.000160002935444936, 70.7900466918945), (0.000200001872144639, 224.375213623047), (0.000240002380451187, 140.66162109375), (0.000280001317150891, 108.034744262695), (0.000320000253850594, 82.797737121582), (0.000360004865797237, 100.051918029785), (0.00040000380249694, 232.308120727539), (0.000440001691458747, 261.373596191406), (0.000480004091514274, 0.0), (0.000520000816322863, 223.261322021484), (0.000560002576094121, 12.2302732467651), (0.000600004626903683, 117.177047729492), (0.000640001089777797, 170.722702026367), (0.00068000314058736, 0.0), (0.000720005191396922, 230.397323608398), (0.000760001654271036, 147.593627929688), (0.0007999999797903, 180.574615478516)],[(0.0, 0.0), (4.00038989027962e-05, 0.0), (8.00062043708749e-05, 0.0), (0.00012000287824776, -113.873580932617), (0.000160002935444936, -70.6929321289063), (0.000200001872144639, -215.304962158203), (0.000240002380451187, -140.634262084961), (0.000280001317150891, -108.030944824219), (0.000320000253850594, -82.1059036254883), (0.000360004865797237, -100.029449462891), (0.00040000380249694, -224.708984375), (0.000440001691458747, -239.49462890625), (0.000480004091514274, 0.0), (0.000520000816322863, -213.152755737305), (0.000560002576094121, -11.6943292617798), (0.000600004626903683, -108.250801086426), (0.000640001089777797, -167.637893676758), (0.00068000314058736, 0.0), (0.000720005191396922, -220.602920532227), (0.000760001654271036, -147.399169921875), (0.0007999999797903, -169.687088012695)],[(0.0, 0.0), (4.00038989027962e-05, 0.0), (8.00062043708749e-05, 0.0), (0.00012000287824776, -58.252326965332), (0.000160002935444936, -3.70670413970947), (0.000200001872144639, -63.1507110595703), (0.000240002380451187, -2.77437663078308), (0.000280001317150891, 0.906233727931976), (0.000320000253850594, -10.6810731887817), (0.000360004865797237, -2.12007093429565), (0.00040000380249694, -58.9315986633301), (0.000440001691458747, -104.682762145996), (0.000480004091514274, 0.0), (0.000520000816322863, -66.4192733764648), (0.000560002576094121, -3.58081674575806), (0.000600004626903683, -44.8578262329102), (0.000640001089777797, -32.3075828552246), (0.00068000314058736, 0.0), (0.000720005191396922, -66.4626388549805), (0.000760001654271036, -7.57387256622314), (0.0007999999797903, -61.7534103393555)]
24,336,LGBMRegressor,AISI_1020,3442.166667,206.53,7.92,89.05,powell,[(0.0, 0.0), (3.48663488694001e-05, 0.0), (6.97256036801264e-05, 0.0), (0.000104589817055967, 74.5068588256836), (0.000139453099109232, 68.2845001220703), (0.000174309519934468, 45.0668487548828), (0.000209173129405826, 46.0004653930664), (0.000244033362832852, 59.5389213562012), (0.000278894760413095, 87.9487762451172), (0.000313756143441424, 31.8245487213135), (0.000348622386809438, 74.1532669067383), (0.000383482984034345, 68.7210235595703), (0.000418343639466912, 32.6694221496582), (0.000453204236691818, 74.7391510009766), (0.000488064863020554, 28.2851810455322), (0.000522930931765586, 71.7577209472656), (0.000557791558094323, 0.0), (0.000592652184423059, 30.5734272003174), (0.000627512752544135, 73.5482788085938), (0.000662373378872871, 35.493537902832), (0.000697234994731843, 70.0920486450195)],[(0.0, 0.0), (3.48663488694001e-05, 0.0), (6.97256036801264e-05, 0.0), (0.000104589817055967, -69.4698867797852), (0.000139453099109232, -65.0035781860352), (0.000174309519934468, -41.6637382507324), (0.000209173129405826, -45.7411689758301), (0.000244033362832852, -57.7877464294434), (0.000278894760413095, -84.3398513793945), (0.000313756143441424, -31.8102321624756), (0.000348622386809438, -72.808235168457), (0.000383482984034345, -67.2560653686523), (0.000418343639466912, -32.6604690551758), (0.000453204236691818, -72.9233169555664), (0.000488064863020554, -28.230525970459), (0.000522930931765586, -70.0579986572266), (0.000557791558094323, 0.0), (0.000592652184423059, -30.5175724029541), (0.000627512752544135, -70.6582336425781), (0.000662373378872871, -35.4130020141602), (0.000697234994731843, -66.1707077026367)],[(0.0, 0.0), (3.48663488694001e-05, 0.0), (6.97256036801264e-05, 0.0), (0.000104589817055967, -26.9296646118164), (0.000139453099109232, -20.9119110107422), (0.000174309519934468, -17.1800441741943), (0.000209173129405826, -4.87731266021729), (0.000244033362832852, -14.3338594436646), (0.000278894760413095, -24.9354572296143), (0.000313756143441424, 0.954501748085022), (0.000348622386809438, -14.0594434738159), (0.000383482984034345, -14.1138687133789), (0.000418343639466912, 0.764834940433502), (0.000453204236691818, -16.3746910095215), (0.000488064863020554, -1.75754272937775), (0.000522930931765586, -15.5256938934326), (0.000557791558094323, 0.0), (0.000592652184423059, 1.84723782539368), (0.000627512752544135, -20.4147815704346), (0.000662373378872871, -2.38966155052185), (0.000697234994731843, -23.1156330108643)]
25,283,LGBMRegressor,AISI_52100,4219.333333,253.16,-3.78,293.02,powell,[(0.0, 0.0), (2.84469679172616e-05, 0.0), (5.68861287320033e-05, 6.48109436035156), (8.53281453601085e-05, 147.767028808594), (0.000113765585410874, 59.9423789978027), (0.00014220415323507, 263.174987792969), (0.00017064536223188, 263.272521972656), (0.000199088142835535, 291.508911132813), (0.000227527212700807, 319.47509765625), (0.000255966384429485, 360.268371582031), (0.000284405396087095, 293.018218994141), (0.000312849384499714, 217.298324584961), (0.000341288017807528, 234.499282836914), (0.000369726534700021, 236.877319335938), (0.000398170232074335, 251.734558105469), (0.000426608690759167, 60.2884178161621), (0.000455052359029651, 218.255447387695), (0.000483490817714483, 245.796081542969), (0.000511929276399314, 228.606811523438), (0.000540372915565968, 252.457626342773), (0.000568809977266937, 312.695281982422)],[(0.0, 0.0), (2.84469679172616e-05, 0.0), (5.68861287320033e-05, -6.02909421920776), (8.53281453601085e-05, -145.747436523438), (0.000113765585410874, -58.579532623291), (0.00014220415323507, -255.249084472656), (0.00017064536223188, -253.120315551758), (0.000199088142835535, -280.744232177734), (0.000227527212700807, -290.18701171875), (0.000255966384429485, -340.825714111328), (0.000284405396087095, -278.824615478516), (0.000312849384499714, -217.262954711914), (0.000341288017807528, -227.548812866211), (0.000369726534700021, -218.41748046875), (0.000398170232074335, -244.034820556641), (0.000426608690759167, -56.083927154541), (0.000455052359029651, -209.591979980469), (0.000483490817714483, -241.202560424805), (0.000511929276399314, -216.820358276367), (0.000540372915565968, -244.966506958008), (0.000568809977266937, -302.441162109375)],[(0.0, 0.0), (2.84469679172616e-05, 0.0), (5.68861287320033e-05, -2.37794184684753), (8.53281453601085e-05, -24.3470478057861), (0.000113765585410874, -12.70934009552), (0.00014220415323507, -64.1013031005859), (0.00017064536223188, -72.4052200317383), (0.000199088142835535, -78.4864959716797), (0.000227527212700807, -133.625747680664), (0.000255966384429485, -116.752418518066), (0.000284405396087095, -90.091667175293), (0.000312849384499714, 3.92059850692749), (0.000341288017807528, -56.6696739196777), (0.000369726534700021, -91.6769714355469), (0.000398170232074335, -61.7842903137207), (0.000426608690759167, -22.1198120117188), (0.000455052359029651, -60.8821983337402), (0.000483490817714483, -47.2973480224609), (0.000511929276399314, -72.4569320678711), (0.000540372915565968, -61.0431365966797), (0.000568809977266937, -79.4209671020508)]
26,432,LGBMRegressor,AISI_4340,4330,259.8,4.09,646.07,powell,[(0.0, 0.0), (2.77202107099583e-05, 0.0), (5.54295802430715e-05, 0.0), (8.31419310998172e-05, 242.360916137695), (0.000110856068204157, 0.0), (0.000138570627314039, 242.03971862793), (0.000166284895385616, 328.771545410156), (0.000194001011550426, 405.659088134766), (0.00022170964803081, 414.380981445313), (0.00024942375603132, 454.746490478516), (0.000277138373348862, 554.483947753906), (0.000304850895190611, 541.504943847656), (0.000332566385623068, 505.717712402344), (0.000360279344022274, 605.139038085938), (0.000387991865864024, 608.016845703125), (0.000415705551858991, 591.05419921875), (0.00044342054752633, 603.575988769531), (0.000471133214887232, 614.506774902344), (0.000498846580740064, 662.221374511719), (0.000526559539139271, 630.378234863281), (0.000554273021407425, 567.2724609375)],[(0.0, 0.0), (2.77202107099583e-05, 0.0), (5.54295802430715e-05, 0.0), (8.31419310998172e-05, -234.556945800781), (0.000110856068204157, 0.0), (0.000138570627314039, -241.09748840332), (0.000166284895385616, -315.018218994141), (0.000194001011550426, -374.986358642578), (0.00022170964803081, -406.271514892578), (0.00024942375603132, -446.971710205078), (0.000277138373348862, -544.801025390625), (0.000304850895190611, -526.947021484375), (0.000332566385623068, -489.490692138672), (0.000360279344022274, -575.237854003906), (0.000387991865864024, -591.456848144531), (0.000415705551858991, -567.626586914063), (0.00044342054752633, -581.002319335938), (0.000471133214887232, -589.874267578125), (0.000498846580740064, -643.881713867188), (0.000526559539139271, -621.078552246094), (0.000554273021407425, -558.42041015625)],[(0.0, 0.0), (2.77202107099583e-05, 0.0), (5.54295802430715e-05, 0.0), (8.31419310998172e-05, -61.007022857666), (0.000110856068204157, 0.0), (0.000138570627314039, -21.3360157012939), (0.000166284895385616, -94.0970077514648), (0.000194001011550426, -154.740203857422), (0.00022170964803081, -81.5784454345703), (0.00024942375603132, -83.7297668457031), (0.000277138373348862, -103.171241760254), (0.000304850895190611, -124.71753692627), (0.000332566385623068, -127.079704284668), (0.000360279344022274, -187.868774414063), (0.000387991865864024, -140.937164306641), (0.000415705551858991, -164.757904052734), (0.00044342054752633, -163.524658203125), (0.000471133214887232, -172.240951538086), (0.000498846580740064, -154.769241333008), (0.000526559539139271, -107.880241394043), (0.000554273021407425, -99.8232955932617)]
27,833,LGBMRegressor,AISI_4140,4819.666667,289.18,12.29,237.71,powell,[(0.0, 0.0), (2.49008444370702e-05, 0.0), (4.98008521390148e-05, 0.0), (7.46958758099936e-05, 12.6710777282715), (9.95934969978407e-05, 304.88330078125), (0.000124494021292776, 529.371215820313), (0.000149390383739956, 615.699096679688), (0.000174286309629679, 818.432983398438), (0.00019918434554711, 828.850891113281), (0.00022408326913137, 852.615539550781), (0.000248980766627938, 950.189819335938), (0.000273879180895165, 1038.06286621094), (0.000298776081763208, 1096.52966308594), (0.000323675078107044, 1174.33166503906), (0.000348572968505323, 1338.33020019531), (0.00037347010220401, 1329.09594726563), (0.000398368312744424, 1200.62683105469), (0.000423266115831211, 1179.275390625), (0.000448164180852473, 1244.40783691406), (0.000473062391392887, 1373.99865722656), (0.000497960019856691, 1432.32189941406)],[(0.0, 0.0), (2.49008444370702e-05, 0.0), (4.98008521390148e-05, 0.0), (7.46958758099936e-05, -12.6136960983276), (9.95934969978407e-05, -259.575439453125), (0.000124494021292776, -503.434051513672), (0.000149390383739956, -577.573486328125), (0.000174286309629679, -744.496459960938), (0.00019918434554711, -764.22119140625), (0.00022408326913137, -816.565063476563), (0.000248980766627938, -922.383056640625), (0.000273879180895165, -1013.15112304688), (0.000298776081763208, -1073.81921386719), (0.000323675078107044, -1146.35534667969), (0.000348572968505323, -1288.60888671875), (0.00037347010220401, -1274.78002929688), (0.000398368312744424, -1186.58264160156), (0.000423266115831211, -1138.80065917969), (0.000448164180852473, -1226.72668457031), (0.000473062391392887, -1319.29125976563), (0.000497960019856691, -1371.3623046875)],[(0.0, 0.0), (2.49008444370702e-05, 0.0), (4.98008521390148e-05, 0.0), (7.46958758099936e-05, -1.2045236825943), (9.95934969978407e-05, -159.920028686523), (0.000124494021292776, -163.670608520508), (0.000149390383739956, -213.293762207031), (0.000174286309629679, -339.937469482422), (0.00019918434554711, -320.873443603516), (0.00022408326913137, -245.305404663086), (0.000248980766627938, -228.188873291016), (0.000273879180895165, -226.051788330078), (0.000298776081763208, -222.012664794922), (0.000323675078107044, -254.802062988281), (0.000348572968505323, -361.406555175781), (0.00037347010220401, -376.074340820313), (0.000398368312744424, -183.102432250977), (0.000423266115831211, -306.305969238281), (0.000448164180852473, -209.027603149414), (0.000473062391392887, -383.852874755859), (0.000497960019856691, -413.414459228516)]
28,271,LGBMRegressor,AISI_1045,4236,254.16,-5.21,211.56,powell,[(0.0, 0.0), (2.83349054370774e-05, 0.0), (5.66618073207792e-05, 32.2744407653809), (8.49891803227365e-05, 128.91633605957), (0.000113318725198042, 129.997207641602), (0.000141645141411573, 175.523574829102), (0.000169973049196415, 154.69140625), (0.000198301509954035, 37.7938003540039), (0.000226633419515565, 247.188110351563), (0.000254958576988429, 62.615535736084), (0.000283289060462266, 250.99055480957), (0.000311619427520782, 282.52490234375), (0.000339944090228528, 69.7999954223633), (0.000368274282664061, 208.2001953125), (0.000396604475099593, 0.0), (0.000424929108703509, 237.752182006836), (0.000453259242931381, 294.720825195313), (0.000481589406263083, 222.171722412109), (0.000509919540490955, 263.649658203125), (0.00053824414499104, 204.025985717773), (0.000566572009120137, 132.811859130859)],[(0.0, 0.0), (2.83349054370774e-05, 0.0), (5.66618073207792e-05, -29.7187461853027), (8.49891803227365e-05, -114.974548339844), (0.000113318725198042, -124.293594360352), (0.000141645141411573, -170.877685546875), (0.000169973049196415, -154.324295043945), (0.000198301509954035, -37.0755004882813), (0.000226633419515565, -224.388229370117), (0.000254958576988429, -62.2351341247559), (0.000283289060462266, -241.023208618164), (0.000311619427520782, -256.722137451172), (0.000339944090228528, -69.7779312133789), (0.000368274282664061, -189.870040893555), (0.000396604475099593, 0.0), (0.000424929108703509, -228.760726928711), (0.000453259242931381, -277.188110351563), (0.000481589406263083, -199.820373535156), (0.000509919540490955, -248.328674316406), (0.00053824414499104, -195.776901245117), (0.000566572009120137, -115.510200500488)],[(0.0, 0.0), (2.83349054370774e-05, 0.0), (5.66618073207792e-05, -12.5871305465698), (8.49891803227365e-05, -58.3118667602539), (0.000113318725198042, -38.0838088989258), (0.000141645141411573, -40.1166114807129), (0.000169973049196415, -10.6508865356445), (0.000198301509954035, 7.33337783813477), (0.000226633419515565, -103.691284179688), (0.000254958576988429, 6.89152956008911), (0.000283289060462266, -70.029052734375), (0.000311619427520782, -117.957893371582), (0.000339944090228528, -1.75498449802399), (0.000368274282664061, -85.4206771850586), (0.000396604475099593, 0.0), (0.000424929108703509, -64.7659606933594), (0.000453259242931381, -100.135444641113), (0.000481589406263083, -97.1189575195313), (0.000509919540490955, -88.5664672851563), (0.00053824414499104, -57.428295135498), (0.000566572009120137, -65.5467987060547)]
