	material	depth	vc	rake_angle	clearance_angle	expected_cut_force	A	B	C	n	m	d1	d2	d3	d4	d5	densidade	young_modulus	poisson_coef
0	AISI_1045	0.25	1000	-7	5	261.158856201172	553.0	600.0	0.0134	0.234	1.0	0.06	3.31	-1.96	0.0018	0.58	2.7e-09	210000.0	0.269
1	AISI_1045	0.25	1000	-4	5	232.76336364746098	553.0	600.0	0.0134	0.234	1.0	0.06	3.31	-1.96	0.0018	0.58	2.7e-09	210000.0	0.269
2	AISI_1045	0.25	1000	-1	5	209.3996337890626	553.0	600.0	0.0134	0.234	1.0	0.06	3.31	-1.96	0.0018	0.58	2.7e-09	210000.0	0.269
3	AISI_1045	0.25	1000	2	5	215.3711395263672	553.0	600.0	0.0134	0.234	1.0	0.06	3.31	-1.96	0.0018	0.58	2.7e-09	210000.0	0.269
4	AISI_1045	0.25	1000	5	5	222.34537048339863	553.0	600.0	0.0134	0.234	1.0	0.06	3.31	-1.96	0.0018	0.58	2.7e-09	210000.0	0.269
5	AISI_1045	0.25	1000	8	5	201.72747802734378	553.0	600.0	0.0134	0.234	1.0	0.06	3.31	-1.96	0.0018	0.58	2.7e-09	210000.0	0.269
6	AISI_1045	0.25	1000	11	5	189.16541748046902	553.0	600.0	0.0134	0.234	1.0	0.06	3.31	-1.96	0.0018	0.58	2.7e-09	210000.0	0.269
7	AISI_1045	0.25	1000	14	5	205.45464782714822	553.0	600.0	0.0134	0.234	1.0	0.06	3.31	-1.96	0.0018	0.58	2.7e-09	210000.0	0.269
8	AISI_1045	0.25	1500	-10	5	242.11509704589838	553.0	600.0	0.0134	0.234	1.0	0.06	3.31	-1.96	0.0018	0.58	2.7e-09	210000.0	0.269
9	AISI_1045	0.25	1500	-7	5	237.22890014648436	553.0	600.0	0.0134	0.234	1.0	0.06	3.31	-1.96	0.0018	0.58	2.7e-09	210000.0	0.269
10	AISI_1045	0.25	1500	-4	5	219.91886901855483	553.0	600.0	0.0134	0.234	1.0	0.06	3.31	-1.96	0.0018	0.58	2.7e-09	210000.0	0.269
11	AISI_1045	0.25	1500	-1	5	212.98092651367202	553.0	600.0	0.0134	0.234	1.0	0.06	3.31	-1.96	0.0018	0.58	2.7e-09	210000.0	0.269
12	AISI_1045	0.25	1500	2	5	221.19473266601557	553.0	600.0	0.0134	0.234	1.0	0.06	3.31	-1.96	0.0018	0.58	2.7e-09	210000.0	0.269
13	AISI_1045	0.25	1500	5	5	215.58366394042977	553.0	600.0	0.0134	0.234	1.0	0.06	3.31	-1.96	0.0018	0.58	2.7e-09	210000.0	0.269
14	AISI_1045	0.25	1500	8	5	198.40823059082038	553.0	600.0	0.0134	0.234	1.0	0.06	3.31	-1.96	0.0018	0.58	2.7e-09	210000.0	0.269
15	AISI_1045	0.25	1500	11	5	198.5690216064452	553.0	600.0	0.0134	0.234	1.0	0.06	3.31	-1.96	0.0018	0.58	2.7e-09	210000.0	0.269
16	AISI_1045	0.25	1500	14	5	181.2003204345706	553.0	600.0	0.0134	0.234	1.0	0.06	3.31	-1.96	0.0018	0.58	2.7e-09	210000.0	0.269
17	AISI_1045	0.25	2000	-10	5	201.6900604248048	553.0	600.0	0.0134	0.234	1.0	0.06	3.31	-1.96	0.0018	0.58	2.7e-09	210000.0	0.269
18	AISI_1045	0.25	2000	-7	5	244.48069458007822	553.0	600.0	0.0134	0.234	1.0	0.06	3.31	-1.96	0.0018	0.58	2.7e-09	210000.0	0.269
19	AISI_1045	0.25	2000	-4	5	211.27478027343759	553.0	600.0	0.0134	0.234	1.0	0.06	3.31	-1.96	0.0018	0.58	2.7e-09	210000.0	0.269
20	AISI_1045	0.25	2000	-1	5	206.04336547851557	553.0	600.0	0.0134	0.234	1.0	0.06	3.31	-1.96	0.0018	0.58	2.7e-09	210000.0	0.269
21	AISI_1045	0.25	2000	2	5	223.87263488769523	553.0	600.0	0.0134	0.234	1.0	0.06	3.31	-1.96	0.0018	0.58	2.7e-09	210000.0	0.269
22	AISI_1045	0.25	2000	5	5	220.82876281738277	553.0	600.0	0.0134	0.234	1.0	0.06	3.31	-1.96	0.0018	0.58	2.7e-09	210000.0	0.269
23	AISI_1045	0.25	2000	8	5	211.15458679199202	553.0	600.0	0.0134	0.234	1.0	0.06	3.31	-1.96	0.0018	0.58	2.7e-09	210000.0	0.269
24	AISI_1045	0.25	2000	11	5	204.9964508056642	553.0	600.0	0.0134	0.234	1.0	0.06	3.31	-1.96	0.0018	0.58	2.7e-09	210000.0	0.269
25	AISI_1045	0.25	2000	14	5	196.7077331542968	553.0	600.0	0.0134	0.234	1.0	0.06	3.31	-1.96	0.0018	0.58	2.7e-09	210000.0	0.269
26	AISI_1045	0.25	2500	-10	5	266.0552978515626	553.0	600.0	0.0134	0.234	1.0	0.06	3.31	-1.96	0.0018	0.58	2.7e-09	210000.0	0.269
27	AISI_1045	0.25	2500	-7	5	231.22801513671862	553.0	600.0	0.0134	0.234	1.0	0.06	3.31	-1.96	0.0018	0.58	2.7e-09	210000.0	0.269
28	AISI_1045	0.25	2500	-4	5	222.6274108886718	553.0	600.0	0.0134	0.234	1.0	0.06	3.31	-1.96	0.0018	0.58	2.7e-09	210000.0	0.269
29	AISI_1045	0.25	2500	-1	5	232.36978149414057	553.0	600.0	0.0134	0.234	1.0	0.06	3.31	-1.96	0.0018	0.58	2.7e-09	210000.0	0.269
30	AISI_1045	0.25	2500	2	5	233.4659240722658	553.0	600.0	0.0134	0.234	1.0	0.06	3.31	-1.96	0.0018	0.58	2.7e-09	210000.0	0.269
31	AISI_1045	0.25	2500	5	5	208.0809722900392	553.0	600.0	0.0134	0.234	1.0	0.06	3.31	-1.96	0.0018	0.58	2.7e-09	210000.0	0.269
32	AISI_1045	0.25	2500	8	5	204.93031311035162	553.0	600.0	0.0134	0.234	1.0	0.06	3.31	-1.96	0.0018	0.58	2.7e-09	210000.0	0.269
33	AISI_1045	0.25	2500	11	5	201.693359375	553.0	600.0	0.0134	0.234	1.0	0.06	3.31	-1.96	0.0018	0.58	2.7e-09	210000.0	0.269
34	AISI_1045	0.25	2500	14	5	199.20937805175782	553.0	600.0	0.0134	0.234	1.0	0.06	3.31	-1.96	0.0018	0.58	2.7e-09	210000.0	0.269
35	AISI_1045	0.25	3000	-10	5	263.58831787109386	553.0	600.0	0.0134	0.234	1.0	0.06	3.31	-1.96	0.0018	0.58	2.7e-09	210000.0	0.269
36	AISI_1045	0.25	3000	-7	5	236.445361328125	553.0	600.0	0.0134	0.234	1.0	0.06	3.31	-1.96	0.0018	0.58	2.7e-09	210000.0	0.269
37	AISI_1045	0.25	3000	-4	5	225.41651000976557	553.0	600.0	0.0134	0.234	1.0	0.06	3.31	-1.96	0.0018	0.58	2.7e-09	210000.0	0.269
38	AISI_1045	0.25	3000	-1	5	218.15081481933598	553.0	600.0	0.0134	0.234	1.0	0.06	3.31	-1.96	0.0018	0.58	2.7e-09	210000.0	0.269
39	AISI_1045	0.25	3000	2	5	222.92994689941415	553.0	600.0	0.0134	0.234	1.0	0.06	3.31	-1.96	0.0018	0.58	2.7e-09	210000.0	0.269
40	AISI_1045	0.25	3000	5	5	207.5186157226564	553.0	600.0	0.0134	0.234	1.0	0.06	3.31	-1.96	0.0018	0.58	2.7e-09	210000.0	0.269
41	AISI_1045	0.25	3000	8	5	199.80012207031263	553.0	600.0	0.0134	0.234	1.0	0.06	3.31	-1.96	0.0018	0.58	2.7e-09	210000.0	0.269
42	AISI_1045	0.25	3000	11	5	199.5578216552734	553.0	600.0	0.0134	0.234	1.0	0.06	3.31	-1.96	0.0018	0.58	2.7e-09	210000.0	0.269
43	AISI_1045	0.25	3000	14	5	202.1871887207032	553.0	600.0	0.0134	0.234	1.0	0.06	3.31	-1.96	0.0018	0.58	2.7e-09	210000.0	0.269
44	AISI_1045	0.25	3500	-10	5	265.3877288818358	553.0	600.0	0.0134	0.234	1.0	0.06	3.31	-1.96	0.0018	0.58	2.7e-09	210000.0	0.269
45	AISI_1045	0.25	3500	-7	5	252.47536926269518	553.0	600.0	0.0134	0.234	1.0	0.06	3.31	-1.96	0.0018	0.58	2.7e-09	210000.0	0.269
46	AISI_1045	0.25	3500	-4	5	227.4697021484376	553.0	600.0	0.0134	0.234	1.0	0.06	3.31	-1.96	0.0018	0.58	2.7e-09	210000.0	0.269
47	AISI_1045	0.25	3500	-1	5	218.4079833984374	553.0	600.0	0.0134	0.234	1.0	0.06	3.31	-1.96	0.0018	0.58	2.7e-09	210000.0	0.269
48	AISI_1045	0.25	3500	2	5	203.3972076416016	553.0	600.0	0.0134	0.234	1.0	0.06	3.31	-1.96	0.0018	0.58	2.7e-09	210000.0	0.269
49	AISI_1045	0.25	3500	5	5	211.7288940429688	553.0	600.0	0.0134	0.234	1.0	0.06	3.31	-1.96	0.0018	0.58	2.7e-09	210000.0	0.269
50	AISI_1045	0.25	3500	8	5	205.86772766113282	553.0	600.0	0.0134	0.234	1.0	0.06	3.31	-1.96	0.0018	0.58	2.7e-09	210000.0	0.269
51	AISI_1045	0.25	3500	11	5	201.11768493652363	553.0	600.0	0.0134	0.234	1.0	0.06	3.31	-1.96	0.0018	0.58	2.7e-09	210000.0	0.269
52	AISI_1045	0.25	3500	14	5	199.41338500976582	553.0	600.0	0.0134	0.234	1.0	0.06	3.31	-1.96	0.0018	0.58	2.7e-09	210000.0	0.269
53	AISI_1045	0.25	4000	-10	5	257.08352966308604	553.0	600.0	0.0134	0.234	1.0	0.06	3.31	-1.96	0.0018	0.58	2.7e-09	210000.0	0.269
54	AISI_1045	0.25	4000	-7	5	256.6970245361328	553.0	600.0	0.0134	0.234	1.0	0.06	3.31	-1.96	0.0018	0.58	2.7e-09	210000.0	0.269
55	AISI_1045	0.25	4000	-4	5	232.7394104003904	553.0	600.0	0.0134	0.234	1.0	0.06	3.31	-1.96	0.0018	0.58	2.7e-09	210000.0	0.269
56	AISI_1045	0.25	4000	-1	5	202.67862854003903	553.0	600.0	0.0134	0.234	1.0	0.06	3.31	-1.96	0.0018	0.58	2.7e-09	210000.0	0.269
57	AISI_1045	0.25	4000	2	5	221.59642028808622	553.0	600.0	0.0134	0.234	1.0	0.06	3.31	-1.96	0.0018	0.58	2.7e-09	210000.0	0.269
58	AISI_1045	0.25	4000	5	5	209.1836791992188	553.0	600.0	0.0134	0.234	1.0	0.06	3.31	-1.96	0.0018	0.58	2.7e-09	210000.0	0.269
59	AISI_1045	0.25	4000	8	5	197.24166259765622	553.0	600.0	0.0134	0.234	1.0	0.06	3.31	-1.96	0.0018	0.58	2.7e-09	210000.0	0.269
60	AISI_1045	0.25	4000	11	5	200.07742309570318	553.0	600.0	0.0134	0.234	1.0	0.06	3.31	-1.96	0.0018	0.58	2.7e-09	210000.0	0.269
61	AISI_1045	0.25	4000	14	5	196.7248016357424	553.0	600.0	0.0134	0.234	1.0	0.06	3.31	-1.96	0.0018	0.58	2.7e-09	210000.0	0.269
62	AISI_1045	0.25	4500	-10	5	263.6263275146484	553.0	600.0	0.0134	0.234	1.0	0.06	3.31	-1.96	0.0018	0.58	2.7e-09	210000.0	0.269
63	AISI_1045	0.25	4500	-7	5	230.8000396728518	553.0	600.0	0.0134	0.234	1.0	0.06	3.31	-1.96	0.0018	0.58	2.7e-09	210000.0	0.269
64	AISI_1045	0.25	4500	-4	5	206.46874084472682	553.0	600.0	0.0134	0.234	1.0	0.06	3.31	-1.96	0.0018	0.58	2.7e-09	210000.0	0.269
65	AISI_1045	0.25	4500	-1	5	204.51592102050782	553.0	600.0	0.0134	0.234	1.0	0.06	3.31	-1.96	0.0018	0.58	2.7e-09	210000.0	0.269
66	AISI_1045	0.25	4500	2	5	221.3249725341796	553.0	600.0	0.0134	0.234	1.0	0.06	3.31	-1.96	0.0018	0.58	2.7e-09	210000.0	0.269
67	AISI_1045	0.25	4500	5	5	208.72140502929702	553.0	600.0	0.0134	0.234	1.0	0.06	3.31	-1.96	0.0018	0.58	2.7e-09	210000.0	0.269
68	AISI_1045	0.25	4500	8	5	204.55251770019538	553.0	600.0	0.0134	0.234	1.0	0.06	3.31	-1.96	0.0018	0.58	2.7e-09	210000.0	0.269
69	AISI_1045	0.25	4500	11	5	200.482913208008	553.0	600.0	0.0134	0.234	1.0	0.06	3.31	-1.96	0.0018	0.58	2.7e-09	210000.0	0.269
70	AISI_1045	0.25	4500	14	5	209.85785522460918	553.0	600.0	0.0134	0.234	1.0	0.06	3.31	-1.96	0.0018	0.58	2.7e-09	210000.0	0.269
143	AISI_4140	0.25	1000	-10	5	1052.623437500002	595.0	580.0	0.023	0.133	1.03	1.5	3.44	-2.12	0.002	0.1	7.8e-09	210000.0	0.3
144	AISI_4140	0.25	1000	-7	5	1173.71520996094	595.0	580.0	0.023	0.133	1.03	1.5	3.44	-2.12	0.002	0.1	7.8e-09	210000.0	0.3
145	AISI_4140	0.25	1000	-4	5	1147.44189453125	595.0	580.0	0.023	0.133	1.03	1.5	3.44	-2.12	0.002	0.1	7.8e-09	210000.0	0.3
146	AISI_4140	0.25	1000	-1	5	998.428430175782	595.0	580.0	0.023	0.133	1.03	1.5	3.44	-2.12	0.002	0.1	7.8e-09	210000.0	0.3
147	AISI_4140	0.25	1000	2	5	1091.2811279296861	595.0	580.0	0.023	0.133	1.03	1.5	3.44	-2.12	0.002	0.1	7.8e-09	210000.0	0.3
148	AISI_4140	0.25	1000	5	5	1287.769653320316	595.0	580.0	0.023	0.133	1.03	1.5	3.44	-2.12	0.002	0.1	7.8e-09	210000.0	0.3
149	AISI_4140	0.25	1000	8	5	1271.7465576171878	595.0	580.0	0.023	0.133	1.03	1.5	3.44	-2.12	0.002	0.1	7.8e-09	210000.0	0.3
150	AISI_4140	0.25	1000	11	5	1263.8063964843782	595.0	580.0	0.023	0.133	1.03	1.5	3.44	-2.12	0.002	0.1	7.8e-09	210000.0	0.3
151	AISI_4140	0.25	1000	14	5	971.9648559570305	595.0	580.0	0.023	0.133	1.03	1.5	3.44	-2.12	0.002	0.1	7.8e-09	210000.0	0.3
152	AISI_4140	0.25	1500	-10	5	1166.0707031250022	595.0	580.0	0.023	0.133	1.03	1.5	3.44	-2.12	0.002	0.1	7.8e-09	210000.0	0.3
153	AISI_4140	0.25	1500	-7	5	1035.2206787109396	595.0	580.0	0.023	0.133	1.03	1.5	3.44	-2.12	0.002	0.1	7.8e-09	210000.0	0.3
154	AISI_4140	0.25	1500	-4	5	1090.39013671875	595.0	580.0	0.023	0.133	1.03	1.5	3.44	-2.12	0.002	0.1	7.8e-09	210000.0	0.3
155	AISI_4140	0.25	1500	-1	5	1103.1345458984401	595.0	580.0	0.023	0.133	1.03	1.5	3.44	-2.12	0.002	0.1	7.8e-09	210000.0	0.3
156	AISI_4140	0.25	1500	2	5	1015.4655517578133	595.0	580.0	0.023	0.133	1.03	1.5	3.44	-2.12	0.002	0.1	7.8e-09	210000.0	0.3
157	AISI_4140	0.25	1500	5	5	1242.73864746094	595.0	580.0	0.023	0.133	1.03	1.5	3.44	-2.12	0.002	0.1	7.8e-09	210000.0	0.3
158	AISI_4140	0.25	1500	8	5	1274.745947265626	595.0	580.0	0.023	0.133	1.03	1.5	3.44	-2.12	0.002	0.1	7.8e-09	210000.0	0.3
159	AISI_4140	0.25	1500	11	5	1256.917041015628	595.0	580.0	0.023	0.133	1.03	1.5	3.44	-2.12	0.002	0.1	7.8e-09	210000.0	0.3
160	AISI_4140	0.25	1500	14	5	1282.9279785156261	595.0	580.0	0.023	0.133	1.03	1.5	3.44	-2.12	0.002	0.1	7.8e-09	210000.0	0.3
161	AISI_4140	0.25	2000	-10	5	1101.541870117188	595.0	580.0	0.023	0.133	1.03	1.5	3.44	-2.12	0.002	0.1	7.8e-09	210000.0	0.3
162	AISI_4140	0.25	2000	-7	5	1084.666503906254	595.0	580.0	0.023	0.133	1.03	1.5	3.44	-2.12	0.002	0.1	7.8e-09	210000.0	0.3
163	AISI_4140	0.25	2000	-4	5	1059.16754150391	595.0	580.0	0.023	0.133	1.03	1.5	3.44	-2.12	0.002	0.1	7.8e-09	210000.0	0.3
164	AISI_4140	0.25	2000	-1	5	1083.4695800781278	595.0	580.0	0.023	0.133	1.03	1.5	3.44	-2.12	0.002	0.1	7.8e-09	210000.0	0.3
165	AISI_4140	0.25	2000	2	5	994.3173583984375	595.0	580.0	0.023	0.133	1.03	1.5	3.44	-2.12	0.002	0.1	7.8e-09	210000.0	0.3
166	AISI_4140	0.25	2000	5	5	1280.626928710938	595.0	580.0	0.023	0.133	1.03	1.5	3.44	-2.12	0.002	0.1	7.8e-09	210000.0	0.3
167	AISI_4140	0.25	2000	8	5	1245.933447265626	595.0	580.0	0.023	0.133	1.03	1.5	3.44	-2.12	0.002	0.1	7.8e-09	210000.0	0.3
168	AISI_4140	0.25	2000	11	5	1264.275854492188	595.0	580.0	0.023	0.133	1.03	1.5	3.44	-2.12	0.002	0.1	7.8e-09	210000.0	0.3
169	AISI_4140	0.25	2000	14	5	1256.336181640626	595.0	580.0	0.023	0.133	1.03	1.5	3.44	-2.12	0.002	0.1	7.8e-09	210000.0	0.3
170	AISI_4140	0.25	2500	-10	5	1092.5793457031239	595.0	580.0	0.023	0.133	1.03	1.5	3.44	-2.12	0.002	0.1	7.8e-09	210000.0	0.3
171	AISI_4140	0.25	2500	-7	5	1084.4713623046878	595.0	580.0	0.023	0.133	1.03	1.5	3.44	-2.12	0.002	0.1	7.8e-09	210000.0	0.3
172	AISI_4140	0.25	2500	-4	5	1054.429833984376	595.0	580.0	0.023	0.133	1.03	1.5	3.44	-2.12	0.002	0.1	7.8e-09	210000.0	0.3
173	AISI_4140	0.25	2500	-1	5	1206.8979003906259	595.0	580.0	0.023	0.133	1.03	1.5	3.44	-2.12	0.002	0.1	7.8e-09	210000.0	0.3
174	AISI_4140	0.25	2500	2	5	1087.522692871094	595.0	580.0	0.023	0.133	1.03	1.5	3.44	-2.12	0.002	0.1	7.8e-09	210000.0	0.3
175	AISI_4140	0.25	2500	5	5	1275.391772460938	595.0	580.0	0.023	0.133	1.03	1.5	3.44	-2.12	0.002	0.1	7.8e-09	210000.0	0.3
176	AISI_4140	0.25	2500	8	5	1237.002905273438	595.0	580.0	0.023	0.133	1.03	1.5	3.44	-2.12	0.002	0.1	7.8e-09	210000.0	0.3
177	AISI_4140	0.25	2500	11	5	1275.510400390626	595.0	580.0	0.023	0.133	1.03	1.5	3.44	-2.12	0.002	0.1	7.8e-09	210000.0	0.3
178	AISI_4140	0.25	2500	14	5	1225.4638916015642	595.0	580.0	0.023	0.133	1.03	1.5	3.44	-2.12	0.002	0.1	7.8e-09	210000.0	0.3
179	AISI_4140	0.25	3000	-10	5	1182.24079589844	595.0	580.0	0.023	0.133	1.03	1.5	3.44	-2.12	0.002	0.1	7.8e-09	210000.0	0.3
180	AISI_4140	0.25	3000	-7	5	1160.1576904296899	595.0	580.0	0.023	0.133	1.03	1.5	3.44	-2.12	0.002	0.1	7.8e-09	210000.0	0.3
181	AISI_4140	0.25	3000	-4	5	1213.977392578126	595.0	580.0	0.023	0.133	1.03	1.5	3.44	-2.12	0.002	0.1	7.8e-09	210000.0	0.3
182	AISI_4140	0.25	3000	-1	5	1019.6194213867193	595.0	580.0	0.023	0.133	1.03	1.5	3.44	-2.12	0.002	0.1	7.8e-09	210000.0	0.3
183	AISI_4140	0.25	3000	2	5	1030.6791748046885	595.0	580.0	0.023	0.133	1.03	1.5	3.44	-2.12	0.002	0.1	7.8e-09	210000.0	0.3
184	AISI_4140	0.25	3000	5	5	1267.7479736328162	595.0	580.0	0.023	0.133	1.03	1.5	3.44	-2.12	0.002	0.1	7.8e-09	210000.0	0.3
185	AISI_4140	0.25	3000	8	5	1268.533032226564	595.0	580.0	0.023	0.133	1.03	1.5	3.44	-2.12	0.002	0.1	7.8e-09	210000.0	0.3
186	AISI_4140	0.25	3000	11	5	1230.188549804688	595.0	580.0	0.023	0.133	1.03	1.5	3.44	-2.12	0.002	0.1	7.8e-09	210000.0	0.3
187	AISI_4140	0.25	3000	14	5	1195.28679199219	595.0	580.0	0.023	0.133	1.03	1.5	3.44	-2.12	0.002	0.1	7.8e-09	210000.0	0.3
188	AISI_4140	0.25	3500	-10	5	1171.3984863281262	595.0	580.0	0.023	0.133	1.03	1.5	3.44	-2.12	0.002	0.1	7.8e-09	210000.0	0.3
189	AISI_4140	0.25	3500	-7	5	1221.01989746094	595.0	580.0	0.023	0.133	1.03	1.5	3.44	-2.12	0.002	0.1	7.8e-09	210000.0	0.3
190	AISI_4140	0.25	3500	-4	5	1148.2616210937501	595.0	580.0	0.023	0.133	1.03	1.5	3.44	-2.12	0.002	0.1	7.8e-09	210000.0	0.3
191	AISI_4140	0.25	3500	-1	5	1118.627709960938	595.0	580.0	0.023	0.133	1.03	1.5	3.44	-2.12	0.002	0.1	7.8e-09	210000.0	0.3
192	AISI_4140	0.25	3500	2	5	1007.7800048828125	595.0	580.0	0.023	0.133	1.03	1.5	3.44	-2.12	0.002	0.1	7.8e-09	210000.0	0.3
193	AISI_4140	0.25	3500	5	5	1179.160522460938	595.0	580.0	0.023	0.133	1.03	1.5	3.44	-2.12	0.002	0.1	7.8e-09	210000.0	0.3
194	AISI_4140	0.25	3500	8	5	1301.7495605468762	595.0	580.0	0.023	0.133	1.03	1.5	3.44	-2.12	0.002	0.1	7.8e-09	210000.0	0.3
195	AISI_4140	0.25	3500	11	5	1238.09716796875	595.0	580.0	0.023	0.133	1.03	1.5	3.44	-2.12	0.002	0.1	7.8e-09	210000.0	0.3
196	AISI_4140	0.25	3500	14	5	1240.126782226564	595.0	580.0	0.023	0.133	1.03	1.5	3.44	-2.12	0.002	0.1	7.8e-09	210000.0	0.3
197	AISI_4140	0.25	4000	-10	5	1162.088134765624	595.0	580.0	0.023	0.133	1.03	1.5	3.44	-2.12	0.002	0.1	7.8e-09	210000.0	0.3
198	AISI_4140	0.25	4000	-7	5	1100.9722167968762	595.0	580.0	0.023	0.133	1.03	1.5	3.44	-2.12	0.002	0.1	7.8e-09	210000.0	0.3
199	AISI_4140	0.25	4000	-4	5	1124.33591308594	595.0	580.0	0.023	0.133	1.03	1.5	3.44	-2.12	0.002	0.1	7.8e-09	210000.0	0.3
200	AISI_4140	0.25	4000	-1	5	1381.502587890626	595.0	580.0	0.023	0.133	1.03	1.5	3.44	-2.12	0.002	0.1	7.8e-09	210000.0	0.3
201	AISI_4140	0.25	4000	2	5	1241.7278808593783	595.0	580.0	0.023	0.133	1.03	1.5	3.44	-2.12	0.002	0.1	7.8e-09	210000.0	0.3
202	AISI_4140	0.25	4000	5	5	1209.47985839844	595.0	580.0	0.023	0.133	1.03	1.5	3.44	-2.12	0.002	0.1	7.8e-09	210000.0	0.3
203	AISI_4140	0.25	4000	8	5	1272.346777343752	595.0	580.0	0.023	0.133	1.03	1.5	3.44	-2.12	0.002	0.1	7.8e-09	210000.0	0.3
204	AISI_4140	0.25	4000	11	5	1244.111694335938	595.0	580.0	0.023	0.133	1.03	1.5	3.44	-2.12	0.002	0.1	7.8e-09	210000.0	0.3
205	AISI_4140	0.25	4000	14	5	1247.9955078125	595.0	580.0	0.023	0.133	1.03	1.5	3.44	-2.12	0.002	0.1	7.8e-09	210000.0	0.3
206	AISI_4140	0.25	4500	-10	5	1088.274316406252	595.0	580.0	0.023	0.133	1.03	1.5	3.44	-2.12	0.002	0.1	7.8e-09	210000.0	0.3
207	AISI_4140	0.25	4500	-7	5	1109.5500732421901	595.0	580.0	0.023	0.133	1.03	1.5	3.44	-2.12	0.002	0.1	7.8e-09	210000.0	0.3
208	AISI_4140	0.25	4500	-4	5	1077.94248046875	595.0	580.0	0.023	0.133	1.03	1.5	3.44	-2.12	0.002	0.1	7.8e-09	210000.0	0.3
209	AISI_4140	0.25	4500	-1	5	1266.488330078128	595.0	580.0	0.023	0.133	1.03	1.5	3.44	-2.12	0.002	0.1	7.8e-09	210000.0	0.3
210	AISI_4140	0.25	4500	2	5	961.2384765625	595.0	580.0	0.023	0.133	1.03	1.5	3.44	-2.12	0.002	0.1	7.8e-09	210000.0	0.3
211	AISI_4140	0.25	4500	5	5	1267.358178710938	595.0	580.0	0.023	0.133	1.03	1.5	3.44	-2.12	0.002	0.1	7.8e-09	210000.0	0.3
212	AISI_4140	0.25	4500	8	5	1198.759912109376	595.0	580.0	0.023	0.133	1.03	1.5	3.44	-2.12	0.002	0.1	7.8e-09	210000.0	0.3
213	AISI_4140	0.25	4500	11	5	1233.85244140625	595.0	580.0	0.023	0.133	1.03	1.5	3.44	-2.12	0.002	0.1	7.8e-09	210000.0	0.3
214	AISI_4140	0.25	4500	14	5	1269.048022460938	595.0	580.0	0.023	0.133	1.03	1.5	3.44	-2.12	0.002	0.1	7.8e-09	210000.0	0.3
215	AISI_4340	0.25	1000	-10	5	562.5923339843754	792.0	510.0	0.014	1.03	0.26	0.05	3.44	-2.12	0.002	0.61	2.7e-09	209000.0	0.28
216	AISI_4340	0.25	1000	-7	5	611.1050537109376	792.0	510.0	0.014	1.03	0.26	0.05	3.44	-2.12	0.002	0.61	2.7e-09	209000.0	0.28
217	AISI_4340	0.25	1000	-4	5	584.8319091796877	792.0	510.0	0.014	1.03	0.26	0.05	3.44	-2.12	0.002	0.61	2.7e-09	209000.0	0.28
218	AISI_4340	0.25	1000	-1	5	429.2525207519532	792.0	510.0	0.014	1.03	0.26	0.05	3.44	-2.12	0.002	0.61	2.7e-09	209000.0	0.28
219	AISI_4340	0.25	1000	2	5	610.2454833984377	792.0	510.0	0.014	1.03	0.26	0.05	3.44	-2.12	0.002	0.61	2.7e-09	209000.0	0.28
220	AISI_4340	0.25	1000	5	5	608.6292236328128	792.0	510.0	0.014	1.03	0.26	0.05	3.44	-2.12	0.002	0.61	2.7e-09	209000.0	0.28
221	AISI_4340	0.25	1000	8	5	632.6455078125	792.0	510.0	0.014	1.03	0.26	0.05	3.44	-2.12	0.002	0.61	2.7e-09	209000.0	0.28
222	AISI_4340	0.25	1000	11	5	806.4144287109375	792.0	510.0	0.014	1.03	0.26	0.05	3.44	-2.12	0.002	0.61	2.7e-09	209000.0	0.28
223	AISI_4340	0.25	1000	14	5	745.5726196289063	792.0	510.0	0.014	1.03	0.26	0.05	3.44	-2.12	0.002	0.61	2.7e-09	209000.0	0.28
224	AISI_4340	0.25	1500	-10	5	643.2012817382815	792.0	510.0	0.014	1.03	0.26	0.05	3.44	-2.12	0.002	0.61	2.7e-09	209000.0	0.28
225	AISI_4340	0.25	1500	-7	5	567.2376586914063	792.0	510.0	0.014	1.03	0.26	0.05	3.44	-2.12	0.002	0.61	2.7e-09	209000.0	0.28
226	AISI_4340	0.25	1500	-4	5	586.5097412109375	792.0	510.0	0.014	1.03	0.26	0.05	3.44	-2.12	0.002	0.61	2.7e-09	209000.0	0.28
227	AISI_4340	0.25	1500	-1	5	379.6912109375002	792.0	510.0	0.014	1.03	0.26	0.05	3.44	-2.12	0.002	0.61	2.7e-09	209000.0	0.28
228	AISI_4340	0.25	1500	2	5	456.7965148925782	792.0	510.0	0.014	1.03	0.26	0.05	3.44	-2.12	0.002	0.61	2.7e-09	209000.0	0.28
229	AISI_4340	0.25	1500	5	5	594.516455078125	792.0	510.0	0.014	1.03	0.26	0.05	3.44	-2.12	0.002	0.61	2.7e-09	209000.0	0.28
230	AISI_4340	0.25	1500	8	5	790.5899658203127	792.0	510.0	0.014	1.03	0.26	0.05	3.44	-2.12	0.002	0.61	2.7e-09	209000.0	0.28
231	AISI_4340	0.25	1500	11	5	812.6886108398437	792.0	510.0	0.014	1.03	0.26	0.05	3.44	-2.12	0.002	0.61	2.7e-09	209000.0	0.28
232	AISI_4340	0.25	1500	14	5	872.2439575195316	792.0	510.0	0.014	1.03	0.26	0.05	3.44	-2.12	0.002	0.61	2.7e-09	209000.0	0.28
233	AISI_4340	0.25	2000	-10	5	455.8083923339844	792.0	510.0	0.014	1.03	0.26	0.05	3.44	-2.12	0.002	0.61	2.7e-09	209000.0	0.28
234	AISI_4340	0.25	2000	-7	5	635.2113159179689	792.0	510.0	0.014	1.03	0.26	0.05	3.44	-2.12	0.002	0.61	2.7e-09	209000.0	0.28
235	AISI_4340	0.25	2000	-4	5	611.4961181640626	792.0	510.0	0.014	1.03	0.26	0.05	3.44	-2.12	0.002	0.61	2.7e-09	209000.0	0.28
236	AISI_4340	0.25	2000	-1	5	316.6296325683594	792.0	510.0	0.014	1.03	0.26	0.05	3.44	-2.12	0.002	0.61	2.7e-09	209000.0	0.28
237	AISI_4340	0.25	2000	2	5	367.6426147460938	792.0	510.0	0.014	1.03	0.26	0.05	3.44	-2.12	0.002	0.61	2.7e-09	209000.0	0.28
238	AISI_4340	0.25	2000	5	5	322.3622375488282	792.0	510.0	0.014	1.03	0.26	0.05	3.44	-2.12	0.002	0.61	2.7e-09	209000.0	0.28
239	AISI_4340	0.25	2000	8	5	638.2664916992186	792.0	510.0	0.014	1.03	0.26	0.05	3.44	-2.12	0.002	0.61	2.7e-09	209000.0	0.28
240	AISI_4340	0.25	2000	11	5	763.7216918945312	792.0	510.0	0.014	1.03	0.26	0.05	3.44	-2.12	0.002	0.61	2.7e-09	209000.0	0.28
241	AISI_4340	0.25	2000	14	5	856.1332397460935	792.0	510.0	0.014	1.03	0.26	0.05	3.44	-2.12	0.002	0.61	2.7e-09	209000.0	0.28
242	AISI_4340	0.25	2500	-10	5	453.74353637695305	792.0	510.0	0.014	1.03	0.26	0.05	3.44	-2.12	0.002	0.61	2.7e-09	209000.0	0.28
243	AISI_4340	0.25	2500	-7	5	631.8156127929688	792.0	510.0	0.014	1.03	0.26	0.05	3.44	-2.12	0.002	0.61	2.7e-09	209000.0	0.28
244	AISI_4340	0.25	2500	-4	5	674.5734863281252	792.0	510.0	0.014	1.03	0.26	0.05	3.44	-2.12	0.002	0.61	2.7e-09	209000.0	0.28
245	AISI_4340	0.25	2500	-1	5	364.77333374023436	792.0	510.0	0.014	1.03	0.26	0.05	3.44	-2.12	0.002	0.61	2.7e-09	209000.0	0.28
246	AISI_4340	0.25	2500	2	5	361.46598510742194	792.0	510.0	0.014	1.03	0.26	0.05	3.44	-2.12	0.002	0.61	2.7e-09	209000.0	0.28
247	AISI_4340	0.25	2500	5	5	341.917254638672	792.0	510.0	0.014	1.03	0.26	0.05	3.44	-2.12	0.002	0.61	2.7e-09	209000.0	0.28
248	AISI_4340	0.25	2500	8	5	637.2953369140625	792.0	510.0	0.014	1.03	0.26	0.05	3.44	-2.12	0.002	0.61	2.7e-09	209000.0	0.28
249	AISI_4340	0.25	2500	11	5	814.3063232421877	792.0	510.0	0.014	1.03	0.26	0.05	3.44	-2.12	0.002	0.61	2.7e-09	209000.0	0.28
250	AISI_4340	0.25	2500	14	5	730.9561157226564	792.0	510.0	0.014	1.03	0.26	0.05	3.44	-2.12	0.002	0.61	2.7e-09	209000.0	0.28
251	AISI_4340	0.25	3000	-10	5	408.959765625	792.0	510.0	0.014	1.03	0.26	0.05	3.44	-2.12	0.002	0.61	2.7e-09	209000.0	0.28
252	AISI_4340	0.25	3000	-7	5	688.105810546875	792.0	510.0	0.014	1.03	0.26	0.05	3.44	-2.12	0.002	0.61	2.7e-09	209000.0	0.28
253	AISI_4340	0.25	3000	-4	5	634.9121337890625	792.0	510.0	0.014	1.03	0.26	0.05	3.44	-2.12	0.002	0.61	2.7e-09	209000.0	0.28
254	AISI_4340	0.25	3000	-1	5	361.2501525878906	792.0	510.0	0.014	1.03	0.26	0.05	3.44	-2.12	0.002	0.61	2.7e-09	209000.0	0.28
255	AISI_4340	0.25	3000	2	5	650.2726318359375	792.0	510.0	0.014	1.03	0.26	0.05	3.44	-2.12	0.002	0.61	2.7e-09	209000.0	0.28
256	AISI_4340	0.25	3000	5	5	603.6855712890626	792.0	510.0	0.014	1.03	0.26	0.05	3.44	-2.12	0.002	0.61	2.7e-09	209000.0	0.28
257	AISI_4340	0.25	3000	8	5	559.547155761719	792.0	510.0	0.014	1.03	0.26	0.05	3.44	-2.12	0.002	0.61	2.7e-09	209000.0	0.28
258	AISI_4340	0.25	3000	11	5	788.2041259765626	792.0	510.0	0.014	1.03	0.26	0.05	3.44	-2.12	0.002	0.61	2.7e-09	209000.0	0.28
259	AISI_4340	0.25	3000	14	5	799.1911254882814	792.0	510.0	0.014	1.03	0.26	0.05	3.44	-2.12	0.002	0.61	2.7e-09	209000.0	0.28
260	AISI_4340	0.25	3500	-10	5	600.6954223632813	792.0	510.0	0.014	1.03	0.26	0.05	3.44	-2.12	0.002	0.61	2.7e-09	209000.0	0.28
261	AISI_4340	0.25	3500	-7	5	639.9703247070314	792.0	510.0	0.014	1.03	0.26	0.05	3.44	-2.12	0.002	0.61	2.7e-09	209000.0	0.28
262	AISI_4340	0.25	3500	-4	5	686.1648925781252	792.0	510.0	0.014	1.03	0.26	0.05	3.44	-2.12	0.002	0.61	2.7e-09	209000.0	0.28
263	AISI_4340	0.25	3500	-1	5	352.1356933593752	792.0	510.0	0.014	1.03	0.26	0.05	3.44	-2.12	0.002	0.61	2.7e-09	209000.0	0.28
264	AISI_4340	0.25	3500	2	5	629.165026855469	792.0	510.0	0.014	1.03	0.26	0.05	3.44	-2.12	0.002	0.61	2.7e-09	209000.0	0.28
265	AISI_4340	0.25	3500	5	5	579.9436035156252	792.0	510.0	0.014	1.03	0.26	0.05	3.44	-2.12	0.002	0.61	2.7e-09	209000.0	0.28
266	AISI_4340	0.25	3500	8	5	805.9965454101564	792.0	510.0	0.014	1.03	0.26	0.05	3.44	-2.12	0.002	0.61	2.7e-09	209000.0	0.28
267	AISI_4340	0.25	3500	11	5	753.5756225585938	792.0	510.0	0.014	1.03	0.26	0.05	3.44	-2.12	0.002	0.61	2.7e-09	209000.0	0.28
268	AISI_4340	0.25	3500	14	5	735.50517578125	792.0	510.0	0.014	1.03	0.26	0.05	3.44	-2.12	0.002	0.61	2.7e-09	209000.0	0.28
269	AISI_4340	0.25	4000	-10	5	433.9863220214844	792.0	510.0	0.014	1.03	0.26	0.05	3.44	-2.12	0.002	0.61	2.7e-09	209000.0	0.28
270	AISI_4340	0.25	4000	-7	5	677.8801635742191	792.0	510.0	0.014	1.03	0.26	0.05	3.44	-2.12	0.002	0.61	2.7e-09	209000.0	0.28
271	AISI_4340	0.25	4000	-4	5	660.5397949218752	792.0	510.0	0.014	1.03	0.26	0.05	3.44	-2.12	0.002	0.61	2.7e-09	209000.0	0.28
272	AISI_4340	0.25	4000	-1	5	494.6329345703126	792.0	510.0	0.014	1.03	0.26	0.05	3.44	-2.12	0.002	0.61	2.7e-09	209000.0	0.28
273	AISI_4340	0.25	4000	2	5	620.009997558594	792.0	510.0	0.014	1.03	0.26	0.05	3.44	-2.12	0.002	0.61	2.7e-09	209000.0	0.28
274	AISI_4340	0.25	4000	5	5	586.9373535156252	792.0	510.0	0.014	1.03	0.26	0.05	3.44	-2.12	0.002	0.61	2.7e-09	209000.0	0.28
275	AISI_4340	0.25	4000	8	5	600.86044921875	792.0	510.0	0.014	1.03	0.26	0.05	3.44	-2.12	0.002	0.61	2.7e-09	209000.0	0.28
276	AISI_4340	0.25	4000	11	5	582.5709106445313	792.0	510.0	0.014	1.03	0.26	0.05	3.44	-2.12	0.002	0.61	2.7e-09	209000.0	0.28
277	AISI_4340	0.25	4000	14	5	746.622705078125	792.0	510.0	0.014	1.03	0.26	0.05	3.44	-2.12	0.002	0.61	2.7e-09	209000.0	0.28
278	AISI_4340	0.25	4500	-10	5	566.8648498535156	792.0	510.0	0.014	1.03	0.26	0.05	3.44	-2.12	0.002	0.61	2.7e-09	209000.0	0.28
279	AISI_4340	0.25	4500	-7	5	662.494873046875	792.0	510.0	0.014	1.03	0.26	0.05	3.44	-2.12	0.002	0.61	2.7e-09	209000.0	0.28
280	AISI_4340	0.25	4500	-4	5	661.8480712890628	792.0	510.0	0.014	1.03	0.26	0.05	3.44	-2.12	0.002	0.61	2.7e-09	209000.0	0.28
281	AISI_4340	0.25	4500	-1	5	635.9537719726565	792.0	510.0	0.014	1.03	0.26	0.05	3.44	-2.12	0.002	0.61	2.7e-09	209000.0	0.28
282	AISI_4340	0.25	4500	2	5	640.0545288085935	792.0	510.0	0.014	1.03	0.26	0.05	3.44	-2.12	0.002	0.61	2.7e-09	209000.0	0.28
283	AISI_4340	0.25	4500	5	5	587.853955078125	792.0	510.0	0.014	1.03	0.26	0.05	3.44	-2.12	0.002	0.61	2.7e-09	209000.0	0.28
284	AISI_4340	0.25	4500	8	5	706.4073364257814	792.0	510.0	0.014	1.03	0.26	0.05	3.44	-2.12	0.002	0.61	2.7e-09	209000.0	0.28
285	AISI_4340	0.25	4500	11	5	688.9737548828127	792.0	510.0	0.014	1.03	0.26	0.05	3.44	-2.12	0.002	0.61	2.7e-09	209000.0	0.28
286	AISI_4340	0.25	4500	14	5	619.9560791015626	792.0	510.0	0.014	1.03	0.26	0.05	3.44	-2.12	0.002	0.61	2.7e-09	209000.0	0.28
287	AISI_52100	0.25	1000	-10	5	354.6080505371096	774.78	134.0	0.0018	0.37	3.171	0.0368	2.34	-1.484	0.0035	0.411	2.7e-09	222000.0	0.29
288	AISI_52100	0.25	1000	-7	5	345.34870605468757	774.78	134.0	0.0018	0.37	3.171	0.0368	2.34	-1.484	0.0035	0.411	2.7e-09	222000.0	0.29
289	AISI_52100	0.25	1000	-4	5	253.8834747314454	774.78	134.0	0.0018	0.37	3.171	0.0368	2.34	-1.484	0.0035	0.411	2.7e-09	222000.0	0.29
290	AISI_52100	0.25	1000	-1	5	290.5977111816408	774.78	134.0	0.0018	0.37	3.171	0.0368	2.34	-1.484	0.0035	0.411	2.7e-09	222000.0	0.29
291	AISI_52100	0.25	1000	2	5	303.931201171875	774.78	134.0	0.0018	0.37	3.171	0.0368	2.34	-1.484	0.0035	0.411	2.7e-09	222000.0	0.29
292	AISI_52100	0.25	1000	5	5	293.055029296875	774.78	134.0	0.0018	0.37	3.171	0.0368	2.34	-1.484	0.0035	0.411	2.7e-09	222000.0	0.29
293	AISI_52100	0.25	1000	8	5	280.96867675781243	774.78	134.0	0.0018	0.37	3.171	0.0368	2.34	-1.484	0.0035	0.411	2.7e-09	222000.0	0.29
294	AISI_52100	0.25	1000	11	5	293.9501892089844	774.78	134.0	0.0018	0.37	3.171	0.0368	2.34	-1.484	0.0035	0.411	2.7e-09	222000.0	0.29
295	AISI_52100	0.25	1000	14	5	275.3916564941406	774.78	134.0	0.0018	0.37	3.171	0.0368	2.34	-1.484	0.0035	0.411	2.7e-09	222000.0	0.29
296	AISI_52100	0.25	1500	-10	5	311.2442199707032	774.78	134.0	0.0018	0.37	3.171	0.0368	2.34	-1.484	0.0035	0.411	2.7e-09	222000.0	0.29
297	AISI_52100	0.25	1500	-7	5	340.92799072265615	774.78	134.0	0.0018	0.37	3.171	0.0368	2.34	-1.484	0.0035	0.411	2.7e-09	222000.0	0.29
298	AISI_52100	0.25	1500	-4	5	282.6173583984376	774.78	134.0	0.0018	0.37	3.171	0.0368	2.34	-1.484	0.0035	0.411	2.7e-09	222000.0	0.29
299	AISI_52100	0.25	1500	-1	5	298.4160400390624	774.78	134.0	0.0018	0.37	3.171	0.0368	2.34	-1.484	0.0035	0.411	2.7e-09	222000.0	0.29
300	AISI_52100	0.25	1500	2	5	306.143719482422	774.78	134.0	0.0018	0.37	3.171	0.0368	2.34	-1.484	0.0035	0.411	2.7e-09	222000.0	0.29
301	AISI_52100	0.25	1500	5	5	281.90497436523435	774.78	134.0	0.0018	0.37	3.171	0.0368	2.34	-1.484	0.0035	0.411	2.7e-09	222000.0	0.29
302	AISI_52100	0.25	1500	8	5	278.9238098144532	774.78	134.0	0.0018	0.37	3.171	0.0368	2.34	-1.484	0.0035	0.411	2.7e-09	222000.0	0.29
303	AISI_52100	0.25	1500	11	5	297.92891845703144	774.78	134.0	0.0018	0.37	3.171	0.0368	2.34	-1.484	0.0035	0.411	2.7e-09	222000.0	0.29
304	AISI_52100	0.25	1500	14	5	281.3774047851562	774.78	134.0	0.0018	0.37	3.171	0.0368	2.34	-1.484	0.0035	0.411	2.7e-09	222000.0	0.29
305	AISI_52100	0.25	2000	-10	5	331.8007995605468	774.78	134.0	0.0018	0.37	3.171	0.0368	2.34	-1.484	0.0035	0.411	2.7e-09	222000.0	0.29
306	AISI_52100	0.25	2000	-7	5	350.18193359375	774.78	134.0	0.0018	0.37	3.171	0.0368	2.34	-1.484	0.0035	0.411	2.7e-09	222000.0	0.29
307	AISI_52100	0.25	2000	-4	5	299.32466430664056	774.78	134.0	0.0018	0.37	3.171	0.0368	2.34	-1.484	0.0035	0.411	2.7e-09	222000.0	0.29
308	AISI_52100	0.25	2000	-1	5	290.52778320312524	774.78	134.0	0.0018	0.37	3.171	0.0368	2.34	-1.484	0.0035	0.411	2.7e-09	222000.0	0.29
309	AISI_52100	0.25	2000	2	5	297.4099792480468	774.78	134.0	0.0018	0.37	3.171	0.0368	2.34	-1.484	0.0035	0.411	2.7e-09	222000.0	0.29
310	AISI_52100	0.25	2000	5	5	293.25885620117197	774.78	134.0	0.0018	0.37	3.171	0.0368	2.34	-1.484	0.0035	0.411	2.7e-09	222000.0	0.29
311	AISI_52100	0.25	2000	8	5	288.64252319335964	774.78	134.0	0.0018	0.37	3.171	0.0368	2.34	-1.484	0.0035	0.411	2.7e-09	222000.0	0.29
312	AISI_52100	0.25	2000	11	5	270.955291748047	774.78	134.0	0.0018	0.37	3.171	0.0368	2.34	-1.484	0.0035	0.411	2.7e-09	222000.0	0.29
313	AISI_52100	0.25	2000	14	5	278.5277893066408	774.78	134.0	0.0018	0.37	3.171	0.0368	2.34	-1.484	0.0035	0.411	2.7e-09	222000.0	0.29
314	AISI_52100	0.25	2500	-10	5	330.1343688964844	774.78	134.0	0.0018	0.37	3.171	0.0368	2.34	-1.484	0.0035	0.411	2.7e-09	222000.0	0.29
315	AISI_52100	0.25	2500	-7	5	302.713491821289	774.78	134.0	0.0018	0.37	3.171	0.0368	2.34	-1.484	0.0035	0.411	2.7e-09	222000.0	0.29
316	AISI_52100	0.25	2500	-4	5	280.125015258789	774.78	134.0	0.0018	0.37	3.171	0.0368	2.34	-1.484	0.0035	0.411	2.7e-09	222000.0	0.29
317	AISI_52100	0.25	2500	-1	5	316.12996215820317	774.78	134.0	0.0018	0.37	3.171	0.0368	2.34	-1.484	0.0035	0.411	2.7e-09	222000.0	0.29
318	AISI_52100	0.25	2500	2	5	306.18783569335943	774.78	134.0	0.0018	0.37	3.171	0.0368	2.34	-1.484	0.0035	0.411	2.7e-09	222000.0	0.29
319	AISI_52100	0.25	2500	5	5	271.5562927246094	774.78	134.0	0.0018	0.37	3.171	0.0368	2.34	-1.484	0.0035	0.411	2.7e-09	222000.0	0.29
320	AISI_52100	0.25	2500	8	5	282.318505859375	774.78	134.0	0.0018	0.37	3.171	0.0368	2.34	-1.484	0.0035	0.411	2.7e-09	222000.0	0.29
321	AISI_52100	0.25	2500	11	5	282.5540466308596	774.78	134.0	0.0018	0.37	3.171	0.0368	2.34	-1.484	0.0035	0.411	2.7e-09	222000.0	0.29
322	AISI_52100	0.25	2500	14	5	281.0783142089844	774.78	134.0	0.0018	0.37	3.171	0.0368	2.34	-1.484	0.0035	0.411	2.7e-09	222000.0	0.29
323	AISI_52100	0.25	3000	-10	5	365.9888977050782	774.78	134.0	0.0018	0.37	3.171	0.0368	2.34	-1.484	0.0035	0.411	2.7e-09	222000.0	0.29
324	AISI_52100	0.25	3000	-7	5	345.04447631835956	774.78	134.0	0.0018	0.37	3.171	0.0368	2.34	-1.484	0.0035	0.411	2.7e-09	222000.0	0.29
325	AISI_52100	0.25	3000	-4	5	283.30020141601574	774.78	134.0	0.0018	0.37	3.171	0.0368	2.34	-1.484	0.0035	0.411	2.7e-09	222000.0	0.29
326	AISI_52100	0.25	3000	-1	5	317.88203735351556	774.78	134.0	0.0018	0.37	3.171	0.0368	2.34	-1.484	0.0035	0.411	2.7e-09	222000.0	0.29
327	AISI_52100	0.25	3000	2	5	305.6492248535158	774.78	134.0	0.0018	0.37	3.171	0.0368	2.34	-1.484	0.0035	0.411	2.7e-09	222000.0	0.29
328	AISI_52100	0.25	3000	5	5	285.3570190429688	774.78	134.0	0.0018	0.37	3.171	0.0368	2.34	-1.484	0.0035	0.411	2.7e-09	222000.0	0.29
329	AISI_52100	0.25	3000	8	5	277.17561035156257	774.78	134.0	0.0018	0.37	3.171	0.0368	2.34	-1.484	0.0035	0.411	2.7e-09	222000.0	0.29
330	AISI_52100	0.25	3000	11	5	287.66100463867195	774.78	134.0	0.0018	0.37	3.171	0.0368	2.34	-1.484	0.0035	0.411	2.7e-09	222000.0	0.29
331	AISI_52100	0.25	3000	14	5	284.4544738769532	774.78	134.0	0.0018	0.37	3.171	0.0368	2.34	-1.484	0.0035	0.411	2.7e-09	222000.0	0.29
332	AISI_52100	0.25	3500	-10	5	353.15064697265615	774.78	134.0	0.0018	0.37	3.171	0.0368	2.34	-1.484	0.0035	0.411	2.7e-09	222000.0	0.29
333	AISI_52100	0.25	3500	-7	5	351.781671142578	774.78	134.0	0.0018	0.37	3.171	0.0368	2.34	-1.484	0.0035	0.411	2.7e-09	222000.0	0.29
334	AISI_52100	0.25	3500	-4	5	316.3771484375002	774.78	134.0	0.0018	0.37	3.171	0.0368	2.34	-1.484	0.0035	0.411	2.7e-09	222000.0	0.29
335	AISI_52100	0.25	3500	-1	5	330.7914245605468	774.78	134.0	0.0018	0.37	3.171	0.0368	2.34	-1.484	0.0035	0.411	2.7e-09	222000.0	0.29
336	AISI_52100	0.25	3500	2	5	298.238720703125	774.78	134.0	0.0018	0.37	3.171	0.0368	2.34	-1.484	0.0035	0.411	2.7e-09	222000.0	0.29
337	AISI_52100	0.25	3500	5	5	278.27870483398436	774.78	134.0	0.0018	0.37	3.171	0.0368	2.34	-1.484	0.0035	0.411	2.7e-09	222000.0	0.29
338	AISI_52100	0.25	3500	8	5	275.29450683593757	774.78	134.0	0.0018	0.37	3.171	0.0368	2.34	-1.484	0.0035	0.411	2.7e-09	222000.0	0.29
339	AISI_52100	0.25	3500	11	5	264.24755859375	774.78	134.0	0.0018	0.37	3.171	0.0368	2.34	-1.484	0.0035	0.411	2.7e-09	222000.0	0.29
340	AISI_52100	0.25	3500	14	5	269.7707458496094	774.78	134.0	0.0018	0.37	3.171	0.0368	2.34	-1.484	0.0035	0.411	2.7e-09	222000.0	0.29
341	AISI_52100	0.25	4000	-10	5	366.9250305175782	774.78	134.0	0.0018	0.37	3.171	0.0368	2.34	-1.484	0.0035	0.411	2.7e-09	222000.0	0.29
342	AISI_52100	0.25	4000	-7	5	345.1953125	774.78	134.0	0.0018	0.37	3.171	0.0368	2.34	-1.484	0.0035	0.411	2.7e-09	222000.0	0.29
343	AISI_52100	0.25	4000	-4	5	320.8650146484374	774.78	134.0	0.0018	0.37	3.171	0.0368	2.34	-1.484	0.0035	0.411	2.7e-09	222000.0	0.29
344	AISI_52100	0.25	4000	-1	5	309.10376586914083	774.78	134.0	0.0018	0.37	3.171	0.0368	2.34	-1.484	0.0035	0.411	2.7e-09	222000.0	0.29
345	AISI_52100	0.25	4000	2	5	292.5841247558594	774.78	134.0	0.0018	0.37	3.171	0.0368	2.34	-1.484	0.0035	0.411	2.7e-09	222000.0	0.29
346	AISI_52100	0.25	4000	5	5	254.49197998046878	774.78	134.0	0.0018	0.37	3.171	0.0368	2.34	-1.484	0.0035	0.411	2.7e-09	222000.0	0.29
347	AISI_52100	0.25	4000	8	5	278.776904296875	774.78	134.0	0.0018	0.37	3.171	0.0368	2.34	-1.484	0.0035	0.411	2.7e-09	222000.0	0.29
348	AISI_52100	0.25	4000	11	5	275.573895263672	774.78	134.0	0.0018	0.37	3.171	0.0368	2.34	-1.484	0.0035	0.411	2.7e-09	222000.0	0.29
349	AISI_52100	0.25	4000	14	5	278.82442016601556	774.78	134.0	0.0018	0.37	3.171	0.0368	2.34	-1.484	0.0035	0.411	2.7e-09	222000.0	0.29
350	AISI_52100	0.25	4500	-10	5	352.03988037109383	774.78	134.0	0.0018	0.37	3.171	0.0368	2.34	-1.484	0.0035	0.411	2.7e-09	222000.0	0.29
351	AISI_52100	0.25	4500	-7	5	322.5646545410156	774.78	134.0	0.0018	0.37	3.171	0.0368	2.34	-1.484	0.0035	0.411	2.7e-09	222000.0	0.29
352	AISI_52100	0.25	4500	-4	5	304.006854248047	774.78	134.0	0.0018	0.37	3.171	0.0368	2.34	-1.484	0.0035	0.411	2.7e-09	222000.0	0.29
353	AISI_52100	0.25	4500	-1	5	306.7049560546876	774.78	134.0	0.0018	0.37	3.171	0.0368	2.34	-1.484	0.0035	0.411	2.7e-09	222000.0	0.29
354	AISI_52100	0.25	4500	2	5	315.7834228515626	774.78	134.0	0.0018	0.37	3.171	0.0368	2.34	-1.484	0.0035	0.411	2.7e-09	222000.0	0.29
355	AISI_52100	0.25	4500	5	5	283.80467529296897	774.78	134.0	0.0018	0.37	3.171	0.0368	2.34	-1.484	0.0035	0.411	2.7e-09	222000.0	0.29
356	AISI_52100	0.25	4500	8	5	271.8556640625002	774.78	134.0	0.0018	0.37	3.171	0.0368	2.34	-1.484	0.0035	0.411	2.7e-09	222000.0	0.29
357	AISI_52100	0.25	4500	11	5	285.64639892578145	774.78	134.0	0.0018	0.37	3.171	0.0368	2.34	-1.484	0.0035	0.411	2.7e-09	222000.0	0.29
358	AISI_52100	0.25	4500	14	5	272.85270385742217	774.78	134.0	0.0018	0.37	3.171	0.0368	2.34	-1.484	0.0035	0.411	2.7e-09	222000.0	0.29
359	AISI_304	0.25	1000	-10	5	820.5793212890625	310.0	1000.0	0.07	0.65	1.0	0.53	0.5	-6.8	-0.014	0.0	2.7e-09	209000.0	0.28
360	AISI_304	0.25	1000	-7	5	781.9020751953125	310.0	1000.0	0.07	0.65	1.0	0.53	0.5	-6.8	-0.014	0.0	2.7e-09	209000.0	0.28
361	AISI_304	0.25	1000	-4	5	739.4136962890625	310.0	1000.0	0.07	0.65	1.0	0.53	0.5	-6.8	-0.014	0.0	2.7e-09	209000.0	0.28
362	AISI_304	0.25	1000	-1	5	716.353942871094	310.0	1000.0	0.07	0.65	1.0	0.53	0.5	-6.8	-0.014	0.0	2.7e-09	209000.0	0.28
363	AISI_304	0.25	1000	2	5	677.19794921875	310.0	1000.0	0.07	0.65	1.0	0.53	0.5	-6.8	-0.014	0.0	2.7e-09	209000.0	0.28
364	AISI_304	0.25	1000	5	5	632.538671875	310.0	1000.0	0.07	0.65	1.0	0.53	0.5	-6.8	-0.014	0.0	2.7e-09	209000.0	0.28
365	AISI_304	0.25	1000	8	5	648.6865112304689	310.0	1000.0	0.07	0.65	1.0	0.53	0.5	-6.8	-0.014	0.0	2.7e-09	209000.0	0.28
366	AISI_304	0.25	1000	11	5	651.7253540039063	310.0	1000.0	0.07	0.65	1.0	0.53	0.5	-6.8	-0.014	0.0	2.7e-09	209000.0	0.28
367	AISI_304	0.25	1000	14	5	626.9060180664065	310.0	1000.0	0.07	0.65	1.0	0.53	0.5	-6.8	-0.014	0.0	2.7e-09	209000.0	0.28
368	AISI_304	0.25	1500	-10	5	852.7895019531252	310.0	1000.0	0.07	0.65	1.0	0.53	0.5	-6.8	-0.014	0.0	2.7e-09	209000.0	0.28
369	AISI_304	0.25	1500	-7	5	804.0129150390628	310.0	1000.0	0.07	0.65	1.0	0.53	0.5	-6.8	-0.014	0.0	2.7e-09	209000.0	0.28
370	AISI_304	0.25	1500	-4	5	758.5182250976565	310.0	1000.0	0.07	0.65	1.0	0.53	0.5	-6.8	-0.014	0.0	2.7e-09	209000.0	0.28
371	AISI_304	0.25	1500	-1	5	728.5973266601565	310.0	1000.0	0.07	0.65	1.0	0.53	0.5	-6.8	-0.014	0.0	2.7e-09	209000.0	0.28
372	AISI_304	0.25	1500	2	5	693.2340454101565	310.0	1000.0	0.07	0.65	1.0	0.53	0.5	-6.8	-0.014	0.0	2.7e-09	209000.0	0.28
373	AISI_304	0.25	1500	5	5	675.8694091796876	310.0	1000.0	0.07	0.65	1.0	0.53	0.5	-6.8	-0.014	0.0	2.7e-09	209000.0	0.28
374	AISI_304	0.25	1500	8	5	679.1199340820312	310.0	1000.0	0.07	0.65	1.0	0.53	0.5	-6.8	-0.014	0.0	2.7e-09	209000.0	0.28
375	AISI_304	0.25	1500	11	5	667.6974487304688	310.0	1000.0	0.07	0.65	1.0	0.53	0.5	-6.8	-0.014	0.0	2.7e-09	209000.0	0.28
376	AISI_304	0.25	1500	14	5	638.8780395507813	310.0	1000.0	0.07	0.65	1.0	0.53	0.5	-6.8	-0.014	0.0	2.7e-09	209000.0	0.28
377	AISI_304	0.25	2000	-10	5	855.26865234375	310.0	1000.0	0.07	0.65	1.0	0.53	0.5	-6.8	-0.014	0.0	2.7e-09	209000.0	0.28
378	AISI_304	0.25	2000	-7	5	830.4010253906254	310.0	1000.0	0.07	0.65	1.0	0.53	0.5	-6.8	-0.014	0.0	2.7e-09	209000.0	0.28
379	AISI_304	0.25	2000	-4	5	779.0719970703124	310.0	1000.0	0.07	0.65	1.0	0.53	0.5	-6.8	-0.014	0.0	2.7e-09	209000.0	0.28
380	AISI_304	0.25	2000	-1	5	733.8167602539063	310.0	1000.0	0.07	0.65	1.0	0.53	0.5	-6.8	-0.014	0.0	2.7e-09	209000.0	0.28
381	AISI_304	0.25	2000	2	5	711.7530029296877	310.0	1000.0	0.07	0.65	1.0	0.53	0.5	-6.8	-0.014	0.0	2.7e-09	209000.0	0.28
382	AISI_304	0.25	2000	5	5	708.730517578125	310.0	1000.0	0.07	0.65	1.0	0.53	0.5	-6.8	-0.014	0.0	2.7e-09	209000.0	0.28
383	AISI_304	0.25	2000	8	5	620.0654174804686	310.0	1000.0	0.07	0.65	1.0	0.53	0.5	-6.8	-0.014	0.0	2.7e-09	209000.0	0.28
384	AISI_304	0.25	2000	11	5	616.7252807617188	310.0	1000.0	0.07	0.65	1.0	0.53	0.5	-6.8	-0.014	0.0	2.7e-09	209000.0	0.28
385	AISI_304	0.25	2000	14	5	657.1831420898437	310.0	1000.0	0.07	0.65	1.0	0.53	0.5	-6.8	-0.014	0.0	2.7e-09	209000.0	0.28
386	AISI_304	0.25	2500	-10	5	842.2383789062502	310.0	1000.0	0.07	0.65	1.0	0.53	0.5	-6.8	-0.014	0.0	2.7e-09	209000.0	0.28
387	AISI_304	0.25	2500	-7	5	843.1180541992192	310.0	1000.0	0.07	0.65	1.0	0.53	0.5	-6.8	-0.014	0.0	2.7e-09	209000.0	0.28
388	AISI_304	0.25	2500	-4	5	801.6504394531252	310.0	1000.0	0.07	0.65	1.0	0.53	0.5	-6.8	-0.014	0.0	2.7e-09	209000.0	0.28
389	AISI_304	0.25	2500	-1	5	745.917272949219	310.0	1000.0	0.07	0.65	1.0	0.53	0.5	-6.8	-0.014	0.0	2.7e-09	209000.0	0.28
390	AISI_304	0.25	2500	2	5	714.3640380859375	310.0	1000.0	0.07	0.65	1.0	0.53	0.5	-6.8	-0.014	0.0	2.7e-09	209000.0	0.28
391	AISI_304	0.25	2500	5	5	705.9661376953125	310.0	1000.0	0.07	0.65	1.0	0.53	0.5	-6.8	-0.014	0.0	2.7e-09	209000.0	0.28
392	AISI_304	0.25	2500	8	5	706.7098388671875	310.0	1000.0	0.07	0.65	1.0	0.53	0.5	-6.8	-0.014	0.0	2.7e-09	209000.0	0.28
393	AISI_304	0.25	2500	11	5	598.7549194335937	310.0	1000.0	0.07	0.65	1.0	0.53	0.5	-6.8	-0.014	0.0	2.7e-09	209000.0	0.28
394	AISI_304	0.25	2500	14	5	648.1109619140627	310.0	1000.0	0.07	0.65	1.0	0.53	0.5	-6.8	-0.014	0.0	2.7e-09	209000.0	0.28
395	AISI_304	0.25	3000	-10	5	845.4138305664062	310.0	1000.0	0.07	0.65	1.0	0.53	0.5	-6.8	-0.014	0.0	2.7e-09	209000.0	0.28
396	AISI_304	0.25	3000	-7	5	847.6623046875	310.0	1000.0	0.07	0.65	1.0	0.53	0.5	-6.8	-0.014	0.0	2.7e-09	209000.0	0.28
397	AISI_304	0.25	3000	-4	5	801.3041381835938	310.0	1000.0	0.07	0.65	1.0	0.53	0.5	-6.8	-0.014	0.0	2.7e-09	209000.0	0.28
398	AISI_304	0.25	3000	-1	5	757.7844116210939	310.0	1000.0	0.07	0.65	1.0	0.53	0.5	-6.8	-0.014	0.0	2.7e-09	209000.0	0.28
399	AISI_304	0.25	3000	2	5	730.1438720703126	310.0	1000.0	0.07	0.65	1.0	0.53	0.5	-6.8	-0.014	0.0	2.7e-09	209000.0	0.28
400	AISI_304	0.25	3000	5	5	708.5888671875002	310.0	1000.0	0.07	0.65	1.0	0.53	0.5	-6.8	-0.014	0.0	2.7e-09	209000.0	0.28
401	AISI_304	0.25	3000	8	5	633.2509521484374	310.0	1000.0	0.07	0.65	1.0	0.53	0.5	-6.8	-0.014	0.0	2.7e-09	209000.0	0.28
402	AISI_304	0.25	3000	11	5	703.1452270507815	310.0	1000.0	0.07	0.65	1.0	0.53	0.5	-6.8	-0.014	0.0	2.7e-09	209000.0	0.28
403	AISI_304	0.25	3000	14	5	645.2384765625002	310.0	1000.0	0.07	0.65	1.0	0.53	0.5	-6.8	-0.014	0.0	2.7e-09	209000.0	0.28
404	AISI_304	0.25	3500	-10	5	848.5172119140627	310.0	1000.0	0.07	0.65	1.0	0.53	0.5	-6.8	-0.014	0.0	2.7e-09	209000.0	0.28
405	AISI_304	0.25	3500	-7	5	834.4578613281253	310.0	1000.0	0.07	0.65	1.0	0.53	0.5	-6.8	-0.014	0.0	2.7e-09	209000.0	0.28
406	AISI_304	0.25	3500	-4	5	813.4752929687502	310.0	1000.0	0.07	0.65	1.0	0.53	0.5	-6.8	-0.014	0.0	2.7e-09	209000.0	0.28
407	AISI_304	0.25	3500	-1	5	759.0161987304689	310.0	1000.0	0.07	0.65	1.0	0.53	0.5	-6.8	-0.014	0.0	2.7e-09	209000.0	0.28
408	AISI_304	0.25	3500	2	5	750.3162963867187	310.0	1000.0	0.07	0.65	1.0	0.53	0.5	-6.8	-0.014	0.0	2.7e-09	209000.0	0.28
409	AISI_304	0.25	3500	5	5	709.4563720703126	310.0	1000.0	0.07	0.65	1.0	0.53	0.5	-6.8	-0.014	0.0	2.7e-09	209000.0	0.28
410	AISI_304	0.25	3500	8	5	715.23994140625	310.0	1000.0	0.07	0.65	1.0	0.53	0.5	-6.8	-0.014	0.0	2.7e-09	209000.0	0.28
411	AISI_304	0.25	3500	11	5	709.331433105469	310.0	1000.0	0.07	0.65	1.0	0.53	0.5	-6.8	-0.014	0.0	2.7e-09	209000.0	0.28
412	AISI_304	0.25	3500	14	5	670.0398803710938	310.0	1000.0	0.07	0.65	1.0	0.53	0.5	-6.8	-0.014	0.0	2.7e-09	209000.0	0.28
413	AISI_304	0.25	4000	-10	5	701.5127685546878	310.0	1000.0	0.07	0.65	1.0	0.53	0.5	-6.8	-0.014	0.0	2.7e-09	209000.0	0.28
414	AISI_304	0.25	4000	-7	5	827.7687622070313	310.0	1000.0	0.07	0.65	1.0	0.53	0.5	-6.8	-0.014	0.0	2.7e-09	209000.0	0.28
415	AISI_304	0.25	4000	-4	5	819.3472900390625	310.0	1000.0	0.07	0.65	1.0	0.53	0.5	-6.8	-0.014	0.0	2.7e-09	209000.0	0.28
416	AISI_304	0.25	4000	-1	5	698.4705200195315	310.0	1000.0	0.07	0.65	1.0	0.53	0.5	-6.8	-0.014	0.0	2.7e-09	209000.0	0.28
417	AISI_304	0.25	4000	2	5	742.2609008789062	310.0	1000.0	0.07	0.65	1.0	0.53	0.5	-6.8	-0.014	0.0	2.7e-09	209000.0	0.28
418	AISI_304	0.25	4000	5	5	720.839599609375	310.0	1000.0	0.07	0.65	1.0	0.53	0.5	-6.8	-0.014	0.0	2.7e-09	209000.0	0.28
419	AISI_304	0.25	4000	8	5	706.5548828125	310.0	1000.0	0.07	0.65	1.0	0.53	0.5	-6.8	-0.014	0.0	2.7e-09	209000.0	0.28
420	AISI_304	0.25	4000	11	5	698.10703125	310.0	1000.0	0.07	0.65	1.0	0.53	0.5	-6.8	-0.014	0.0	2.7e-09	209000.0	0.28
421	AISI_304	0.25	4000	14	5	688.7480346679689	310.0	1000.0	0.07	0.65	1.0	0.53	0.5	-6.8	-0.014	0.0	2.7e-09	209000.0	0.28
422	AISI_304	0.25	4500	-10	5	897.6046752929691	310.0	1000.0	0.07	0.65	1.0	0.53	0.5	-6.8	-0.014	0.0	2.7e-09	209000.0	0.28
423	AISI_304	0.25	4500	-7	5	846.0882690429687	310.0	1000.0	0.07	0.65	1.0	0.53	0.5	-6.8	-0.014	0.0	2.7e-09	209000.0	0.28
424	AISI_304	0.25	4500	-4	5	815.4670532226562	310.0	1000.0	0.07	0.65	1.0	0.53	0.5	-6.8	-0.014	0.0	2.7e-09	209000.0	0.28
425	AISI_304	0.25	4500	-1	5	696.4026733398435	310.0	1000.0	0.07	0.65	1.0	0.53	0.5	-6.8	-0.014	0.0	2.7e-09	209000.0	0.28
426	AISI_304	0.25	4500	2	5	761.6476806640626	310.0	1000.0	0.07	0.65	1.0	0.53	0.5	-6.8	-0.014	0.0	2.7e-09	209000.0	0.28
427	AISI_304	0.25	4500	5	5	750.1400634765625	310.0	1000.0	0.07	0.65	1.0	0.53	0.5	-6.8	-0.014	0.0	2.7e-09	209000.0	0.28
428	AISI_304	0.25	4500	8	5	731.9768676757815	310.0	1000.0	0.07	0.65	1.0	0.53	0.5	-6.8	-0.014	0.0	2.7e-09	209000.0	0.28
429	AISI_304	0.25	4500	11	5	704.6225463867188	310.0	1000.0	0.07	0.65	1.0	0.53	0.5	-6.8	-0.014	0.0	2.7e-09	209000.0	0.28
430	AISI_304	0.25	4500	14	5	675.8240478515626	310.0	1000.0	0.07	0.65	1.0	0.53	0.5	-6.8	-0.014	0.0	2.7e-09	209000.0	0.28
431	AISI_1020	0.25	1000	-10	5	82.69367675781241	213.0	53.0	0.0055	0.34	0.81	0.05	3.44	-2.12	0.002	0.61	2.7e-09	206000.0	0.28
432	AISI_1020	0.25	1000	-7	5	76.11990661621094	213.0	53.0	0.0055	0.34	0.81	0.05	3.44	-2.12	0.002	0.61	2.7e-09	206000.0	0.28
433	AISI_1020	0.25	1000	-4	5	80.56342620849611	213.0	53.0	0.0055	0.34	0.81	0.05	3.44	-2.12	0.002	0.61	2.7e-09	206000.0	0.28
434	AISI_1020	0.25	1000	-1	5	80.06465759277344	213.0	53.0	0.0055	0.34	0.81	0.05	3.44	-2.12	0.002	0.61	2.7e-09	206000.0	0.28
435	AISI_1020	0.25	1000	2	5	80.5675552368164	213.0	53.0	0.0055	0.34	0.81	0.05	3.44	-2.12	0.002	0.61	2.7e-09	206000.0	0.28
436	AISI_1020	0.25	1000	5	5	75.86212921142581	213.0	53.0	0.0055	0.34	0.81	0.05	3.44	-2.12	0.002	0.61	2.7e-09	206000.0	0.28
437	AISI_1020	0.25	1000	8	5	74.46080932617191	213.0	53.0	0.0055	0.34	0.81	0.05	3.44	-2.12	0.002	0.61	2.7e-09	206000.0	0.28
438	AISI_1020	0.25	1000	11	5	74.91660308837895	213.0	53.0	0.0055	0.34	0.81	0.05	3.44	-2.12	0.002	0.61	2.7e-09	206000.0	0.28
439	AISI_1020	0.25	1000	14	5	66.10827789306641	213.0	53.0	0.0055	0.34	0.81	0.05	3.44	-2.12	0.002	0.61	2.7e-09	206000.0	0.28
440	AISI_1020	0.25	1500	-10	5	99.25592498779304	213.0	53.0	0.0055	0.34	0.81	0.05	3.44	-2.12	0.002	0.61	2.7e-09	206000.0	0.28
441	AISI_1020	0.25	1500	-7	5	89.75961608886723	213.0	53.0	0.0055	0.34	0.81	0.05	3.44	-2.12	0.002	0.61	2.7e-09	206000.0	0.28
442	AISI_1020	0.25	1500	-4	5	90.47916564941406	213.0	53.0	0.0055	0.34	0.81	0.05	3.44	-2.12	0.002	0.61	2.7e-09	206000.0	0.28
443	AISI_1020	0.25	1500	-1	5	82.44095611572266	213.0	53.0	0.0055	0.34	0.81	0.05	3.44	-2.12	0.002	0.61	2.7e-09	206000.0	0.28
444	AISI_1020	0.25	1500	2	5	81.20630340576172	213.0	53.0	0.0055	0.34	0.81	0.05	3.44	-2.12	0.002	0.61	2.7e-09	206000.0	0.28
445	AISI_1020	0.25	1500	5	5	74.35458679199218	213.0	53.0	0.0055	0.34	0.81	0.05	3.44	-2.12	0.002	0.61	2.7e-09	206000.0	0.28
446	AISI_1020	0.25	1500	8	5	70.57268676757815	213.0	53.0	0.0055	0.34	0.81	0.05	3.44	-2.12	0.002	0.61	2.7e-09	206000.0	0.28
447	AISI_1020	0.25	1500	11	5	74.45545501708983	213.0	53.0	0.0055	0.34	0.81	0.05	3.44	-2.12	0.002	0.61	2.7e-09	206000.0	0.28
448	AISI_1020	0.25	1500	14	5	75.51021728515624	213.0	53.0	0.0055	0.34	0.81	0.05	3.44	-2.12	0.002	0.61	2.7e-09	206000.0	0.28
449	AISI_1020	0.25	2000	-10	5	95.77041168212901	213.0	53.0	0.0055	0.34	0.81	0.05	3.44	-2.12	0.002	0.61	2.7e-09	206000.0	0.28
450	AISI_1020	0.25	2000	-7	5	96.0720794677734	213.0	53.0	0.0055	0.34	0.81	0.05	3.44	-2.12	0.002	0.61	2.7e-09	206000.0	0.28
451	AISI_1020	0.25	2000	-4	5	82.62692794799806	213.0	53.0	0.0055	0.34	0.81	0.05	3.44	-2.12	0.002	0.61	2.7e-09	206000.0	0.28
452	AISI_1020	0.25	2000	-1	5	83.21409301757811	213.0	53.0	0.0055	0.34	0.81	0.05	3.44	-2.12	0.002	0.61	2.7e-09	206000.0	0.28
453	AISI_1020	0.25	2000	2	5	81.58905181884765	213.0	53.0	0.0055	0.34	0.81	0.05	3.44	-2.12	0.002	0.61	2.7e-09	206000.0	0.28
454	AISI_1020	0.25	2000	5	5	67.054109954834	213.0	53.0	0.0055	0.34	0.81	0.05	3.44	-2.12	0.002	0.61	2.7e-09	206000.0	0.28
455	AISI_1020	0.25	2000	8	5	70.75806732177735	213.0	53.0	0.0055	0.34	0.81	0.05	3.44	-2.12	0.002	0.61	2.7e-09	206000.0	0.28
456	AISI_1020	0.25	2000	11	5	75.6807601928711	213.0	53.0	0.0055	0.34	0.81	0.05	3.44	-2.12	0.002	0.61	2.7e-09	206000.0	0.28
457	AISI_1020	0.25	2000	14	5	76.54499359130861	213.0	53.0	0.0055	0.34	0.81	0.05	3.44	-2.12	0.002	0.61	2.7e-09	206000.0	0.28
458	AISI_1020	0.25	2500	-10	5	96.77048187255859	213.0	53.0	0.0055	0.34	0.81	0.05	3.44	-2.12	0.002	0.61	2.7e-09	206000.0	0.28
459	AISI_1020	0.25	2500	-7	5	87.3318603515625	213.0	53.0	0.0055	0.34	0.81	0.05	3.44	-2.12	0.002	0.61	2.7e-09	206000.0	0.28
460	AISI_1020	0.25	2500	-4	5	90.81313323974611	213.0	53.0	0.0055	0.34	0.81	0.05	3.44	-2.12	0.002	0.61	2.7e-09	206000.0	0.28
461	AISI_1020	0.25	2500	-1	5	87.49340515136717	213.0	53.0	0.0055	0.34	0.81	0.05	3.44	-2.12	0.002	0.61	2.7e-09	206000.0	0.28
462	AISI_1020	0.25	2500	2	5	77.75938568115234	213.0	53.0	0.0055	0.34	0.81	0.05	3.44	-2.12	0.002	0.61	2.7e-09	206000.0	0.28
463	AISI_1020	0.25	2500	5	5	76.59599609375	213.0	53.0	0.0055	0.34	0.81	0.05	3.44	-2.12	0.002	0.61	2.7e-09	206000.0	0.28
464	AISI_1020	0.25	2500	8	5	72.0629638671875	213.0	53.0	0.0055	0.34	0.81	0.05	3.44	-2.12	0.002	0.61	2.7e-09	206000.0	0.28
465	AISI_1020	0.25	2500	11	5	79.20356292724607	213.0	53.0	0.0055	0.34	0.81	0.05	3.44	-2.12	0.002	0.61	2.7e-09	206000.0	0.28
466	AISI_1020	0.25	2500	14	5	74.6313247680664	213.0	53.0	0.0055	0.34	0.81	0.05	3.44	-2.12	0.002	0.61	2.7e-09	206000.0	0.28
467	AISI_1020	0.25	3000	-10	5	96.71260223388676	213.0	53.0	0.0055	0.34	0.81	0.05	3.44	-2.12	0.002	0.61	2.7e-09	206000.0	0.28
468	AISI_1020	0.25	3000	-7	5	99.19230804443363	213.0	53.0	0.0055	0.34	0.81	0.05	3.44	-2.12	0.002	0.61	2.7e-09	206000.0	0.28
469	AISI_1020	0.25	3000	-4	5	89.67747192382812	213.0	53.0	0.0055	0.34	0.81	0.05	3.44	-2.12	0.002	0.61	2.7e-09	206000.0	0.28
470	AISI_1020	0.25	3000	-1	5	76.84420776367188	213.0	53.0	0.0055	0.34	0.81	0.05	3.44	-2.12	0.002	0.61	2.7e-09	206000.0	0.28
471	AISI_1020	0.25	3000	2	5	82.93671874999998	213.0	53.0	0.0055	0.34	0.81	0.05	3.44	-2.12	0.002	0.61	2.7e-09	206000.0	0.28
472	AISI_1020	0.25	3000	5	5	73.54738159179688	213.0	53.0	0.0055	0.34	0.81	0.05	3.44	-2.12	0.002	0.61	2.7e-09	206000.0	0.28
473	AISI_1020	0.25	3000	8	5	74.13972930908201	213.0	53.0	0.0055	0.34	0.81	0.05	3.44	-2.12	0.002	0.61	2.7e-09	206000.0	0.28
474	AISI_1020	0.25	3000	11	5	71.94071350097659	213.0	53.0	0.0055	0.34	0.81	0.05	3.44	-2.12	0.002	0.61	2.7e-09	206000.0	0.28
475	AISI_1020	0.25	3000	14	5	75.19709930419924	213.0	53.0	0.0055	0.34	0.81	0.05	3.44	-2.12	0.002	0.61	2.7e-09	206000.0	0.28
476	AISI_1020	0.25	3500	-10	5	80.44207763671876	213.0	53.0	0.0055	0.34	0.81	0.05	3.44	-2.12	0.002	0.61	2.7e-09	206000.0	0.28
477	AISI_1020	0.25	3500	-7	5	98.86032104492196	213.0	53.0	0.0055	0.34	0.81	0.05	3.44	-2.12	0.002	0.61	2.7e-09	206000.0	0.28
478	AISI_1020	0.25	3500	-4	5	80.08553924560547	213.0	53.0	0.0055	0.34	0.81	0.05	3.44	-2.12	0.002	0.61	2.7e-09	206000.0	0.28
479	AISI_1020	0.25	3500	-1	5	85.4309097290039	213.0	53.0	0.0055	0.34	0.81	0.05	3.44	-2.12	0.002	0.61	2.7e-09	206000.0	0.28
480	AISI_1020	0.25	3500	2	5	69.03555679321288	213.0	53.0	0.0055	0.34	0.81	0.05	3.44	-2.12	0.002	0.61	2.7e-09	206000.0	0.28
481	AISI_1020	0.25	3500	5	5	72.96006774902345	213.0	53.0	0.0055	0.34	0.81	0.05	3.44	-2.12	0.002	0.61	2.7e-09	206000.0	0.28
482	AISI_1020	0.25	3500	8	5	70.51151580810547	213.0	53.0	0.0055	0.34	0.81	0.05	3.44	-2.12	0.002	0.61	2.7e-09	206000.0	0.28
483	AISI_1020	0.25	3500	11	5	68.81853027343747	213.0	53.0	0.0055	0.34	0.81	0.05	3.44	-2.12	0.002	0.61	2.7e-09	206000.0	0.28
484	AISI_1020	0.25	3500	14	5	77.13135833740236	213.0	53.0	0.0055	0.34	0.81	0.05	3.44	-2.12	0.002	0.61	2.7e-09	206000.0	0.28
485	AISI_1020	0.25	4000	-10	5	96.00865783691397	213.0	53.0	0.0055	0.34	0.81	0.05	3.44	-2.12	0.002	0.61	2.7e-09	206000.0	0.28
486	AISI_1020	0.25	4000	-7	5	93.34692993164064	213.0	53.0	0.0055	0.34	0.81	0.05	3.44	-2.12	0.002	0.61	2.7e-09	206000.0	0.28
487	AISI_1020	0.25	4000	-4	5	87.66427001953124	213.0	53.0	0.0055	0.34	0.81	0.05	3.44	-2.12	0.002	0.61	2.7e-09	206000.0	0.28
488	AISI_1020	0.25	4000	-1	5	81.3174087524414	213.0	53.0	0.0055	0.34	0.81	0.05	3.44	-2.12	0.002	0.61	2.7e-09	206000.0	0.28
489	AISI_1020	0.25	4000	2	5	76.21739196777341	213.0	53.0	0.0055	0.34	0.81	0.05	3.44	-2.12	0.002	0.61	2.7e-09	206000.0	0.28
490	AISI_1020	0.25	4000	5	5	72.0521453857422	213.0	53.0	0.0055	0.34	0.81	0.05	3.44	-2.12	0.002	0.61	2.7e-09	206000.0	0.28
491	AISI_1020	0.25	4000	8	5	70.48385467529297	213.0	53.0	0.0055	0.34	0.81	0.05	3.44	-2.12	0.002	0.61	2.7e-09	206000.0	0.28
492	AISI_1020	0.25	4000	11	5	72.95645904541016	213.0	53.0	0.0055	0.34	0.81	0.05	3.44	-2.12	0.002	0.61	2.7e-09	206000.0	0.28
493	AISI_1020	0.25	4000	14	5	76.00432434082035	213.0	53.0	0.0055	0.34	0.81	0.05	3.44	-2.12	0.002	0.61	2.7e-09	206000.0	0.28
494	AISI_1020	0.25	4500	-10	5	89.56451110839843	213.0	53.0	0.0055	0.34	0.81	0.05	3.44	-2.12	0.002	0.61	2.7e-09	206000.0	0.28
495	AISI_1020	0.25	4500	-7	5	98.1049057006837	213.0	53.0	0.0055	0.34	0.81	0.05	3.44	-2.12	0.002	0.61	2.7e-09	206000.0	0.28
496	AISI_1020	0.25	4500	-4	5	85.19100799560547	213.0	53.0	0.0055	0.34	0.81	0.05	3.44	-2.12	0.002	0.61	2.7e-09	206000.0	0.28
497	AISI_1020	0.25	4500	-1	5	83.99041290283203	213.0	53.0	0.0055	0.34	0.81	0.05	3.44	-2.12	0.002	0.61	2.7e-09	206000.0	0.28
498	AISI_1020	0.25	4500	2	5	75.30475616455078	213.0	53.0	0.0055	0.34	0.81	0.05	3.44	-2.12	0.002	0.61	2.7e-09	206000.0	0.28
499	AISI_1020	0.25	4500	5	5	73.45984344482422	213.0	53.0	0.0055	0.34	0.81	0.05	3.44	-2.12	0.002	0.61	2.7e-09	206000.0	0.28
500	AISI_1020	0.25	4500	8	5	72.4434600830078	213.0	53.0	0.0055	0.34	0.81	0.05	3.44	-2.12	0.002	0.61	2.7e-09	206000.0	0.28
501	AISI_1020	0.25	4500	11	5	73.21391448974609	213.0	53.0	0.0055	0.34	0.81	0.05	3.44	-2.12	0.002	0.61	2.7e-09	206000.0	0.28
502	AISI_1020	0.25	4500	14	5	78.40420074462891	213.0	53.0	0.0055	0.34	0.81	0.05	3.44	-2.12	0.002	0.61	2.7e-09	206000.0	0.28
